序号,提交答卷时间,所用时间,来源,来源详情,来自IP,1、您的性别：,2、您的年龄：,3、您的职业：,4、您的月收入（人民币）:,5、您每天使用社交媒体的时长大约是多少？,6、您是否了解始祖鸟（Arc'teryx）品牌？,7、您通过以下哪些渠道接触过始祖鸟品牌?,8、始祖鸟的社交媒体内容对您的吸引力如何?,9、您是否曾与始祖鸟的社交媒体账号互动?,10、您更倾向于哪种互动方式？（可多选）,11、您认为始祖鸟社交媒体互动的体验如何？,12、您对始祖鸟品牌的印象如何？（可多选）,13、始祖鸟社交媒体是否增加了您对品牌的了解？,14、您是否因社交媒体内容购买过始祖鸟产品？,15、您最常通过以下哪种途径购买？（可多选）,16、阻碍您购买的原因是什么？（可多选）,17、您对始祖鸟社交媒体的整体满意度如何？,18、您认为始祖鸟社交媒体内容有哪些需要改进的地方？（可多选）,您对始祖鸟社交媒体营销有哪些建议或想法？请简要描述。
1,2025/4/1 11:04:42,86秒,微信,N/A,222.64.223.147(上海-上海),女,26-35岁,企业职员,8000-15000元,3-5小时,略有了解,小红书┋抖音/快手┋朋友推荐┋线下店铺,一般,从未互动,点赞┋评论,一般,高端户外品牌┋专业性强┋价格较高,一般,否,(跳过),价格过高,一般,内容丰富度,(空)
2,2025/4/1 11:04:50,83秒,微信,N/A,117.10.206.251(天津-天津),男,36-45岁,政府机关工作人员,8000-15000元,1-3小时,非常了解,微信公众号┋品牌宫网┋朋友推荐┋线下店铺,比较吸引,经常互动(点赞、评论、分享等),点赞┋分享到个人社交圈,非常好,高端户外品牌┋专业性强,很多,是,第三方电商平台（如天猫、京东）┋朋友代购,(跳过),非常满意,内容丰富度,(空)
3,2025/4/1 11:07:30,92秒,微信,N/A,60.27.158.229(天津-天津),男,18-25岁,其他,3000-8000元,1-3小时,略有了解,品牌宫网┋朋友推荐,一般,从未互动,点赞,一般,价格较高,一般,否,(跳过),品牌吸引力不足┋其他：,一般,内容丰富度┋与用户互动性,无
4,2025/4/1 11:10:02,139秒,微信,N/A,223.104.7.57(天津-天津),男,26-35岁,政府机关工作人员,3000-8000元,3-5小时,略有了解,微信公众号┋微博┋抖音/快手┋其他：〖bilibili〗,完全不吸引,从未互动,其他：〖不互动〗,一般,高端户外品牌┋专业性强┋价格较高,完全没有,否,(跳过),价格过高┋不需要相关产品,一般,发布频率,(空)
5,2025/4/1 11:13:12,88秒,微信,N/A,223.104.69.64(广东-佛山),男,26-35岁,其他,15000元以上,1-3小时,略有了解,抖音/快手┋线下店铺,比较吸引,从未互动,点赞┋分享到个人社交圈,一般,高端户外品牌┋价格较高,一些,是,第三方电商平台（如天猫、京东）,(跳过),比较满意,其他：〖价格〗,无
6,2025/4/1 11:14:38,101秒,微信,N/A,223.104.41.220(北京-北京),男,26-35岁,政府机关工作人员,8000-15000元,1-3小时,略有了解,微信公众号┋微博┋小红书┋抖音/快手┋品牌宫网┋朋友推荐┋线下店铺┋社交媒体广告(如朋友圈广告),比较吸引,从未互动,点赞┋评论┋分享到个人社交圈┋参与话题活动┋私信交流┋观看直播,比较好,高端户外品牌,一些,是,官方电商平台┋第三方电商平台（如天猫、京东）┋线下专卖店,(跳过),非常满意,内容丰富度┋与用户互动性┋创意和设计感┋信息实用性┋发布频率┋客户服务／售后服务,无
7,2025/4/1 11:15:51,86秒,微信,N/A,39.144.55.133(辽宁-辽阳),女,46岁及以上,政府机关工作人员,3000-8000元,3-5小时,非常了解,微信公众号┋抖音/快手┋其他：,非常吸引,从未互动,观看直播┋其他：,非常好,高端户外品牌┋专业性强┋价格较高,很多,否,(跳过),价格过高,比较满意,创意和设计感,(空)
8,2025/4/1 11:22:54,84秒,微信,N/A,114.254.0.166(北京-北京),男,26-35岁,政府机关工作人员,15000元以上,3-5小时,略有了解,品牌宫网┋朋友推荐,一般,很少互动,分享到个人社交圈┋参与话题活动,一般,高端户外品牌,一般,是,官方电商平台,(跳过),一般,其他：,(空)
9,2025/4/1 11:23:11,90秒,微信,N/A,39.144.54.6(辽宁-辽阳),女,26-35岁,政府机关工作人员,8000-15000元,3-5小时,略有了解,小红书┋品牌宫网┋朋友推荐┋线下店铺,一般,从未互动,私信交流┋观看直播,一般,高端户外品牌┋专业性强┋价格较高,较少,否,(跳过),价格过高┋不需要相关产品┋品牌吸引力不足,一般,与用户互动性┋创意和设计感┋信息实用性,无
10,2025/4/1 11:24:33,39秒,微信,N/A,175.167.155.133(辽宁-沈阳),男,18-25岁,自由职业者,3000-8000元,3-5小时,非常了解,微信公众号,非常吸引,经常互动(点赞、评论、分享等),点赞,非常好,高端户外品牌,很多,是,官方电商平台,(跳过),非常满意,内容丰富度,便宜一点
11,2025/4/1 11:26:41,76秒,微信,N/A,122.96.32.81(江苏-南京),男,26-35岁,政府机关工作人员,8000-15000元,1-3小时,非常了解,社交媒体广告(如朋友圈广告),比较吸引,从未互动,点赞┋观看直播,一般,高端户外品牌,较少,是,第三方电商平台（如天猫、京东）,(跳过),比较满意,与用户互动性,便宜点吧
12,2025/4/1 11:26:58,85秒,微信,N/A,111.183.143.27(湖北-武汉),男,26-35岁,政府机关工作人员,8000-15000元,3-5小时,略有了解,品牌宫网┋朋友推荐,比较吸引,偶尔互动,点赞,比较好,高端户外品牌┋价格较高┋广告／宣传设计时尚,一些,是,第三方电商平台（如天猫、京东）┋线下专卖店,(跳过),比较满意,与用户互动性┋客户服务／售后服务,(空)
13,2025/4/1 11:26:59,63秒,微信,N/A,221.208.70.119(黑龙江-哈尔滨),男,26-35岁,政府机关工作人员,3000-8000元,少于1小时,略有了解,线下店铺,比较吸引,从未互动,其他：,比较好,专业性强┋价格较高,一些,否,(跳过),不需要相关产品,比较满意,内容丰富度┋与用户互动性,(空)
14,2025/4/1 11:27:50,76秒,微信,N/A,117.136.1.6(天津-天津),女,26-35岁,政府机关工作人员,3000-8000元,5小时以上,略有了解,微信公众号┋微博┋小红书┋抖音/快手┋朋友推荐┋线下店铺┋社交媒体广告(如朋友圈广告),比较吸引,偶尔互动,点赞┋评论┋参与话题活动┋观看直播,比较好,高端户外品牌┋专业性强┋价格较高┋产品设计时尚┋广告／宣传设计时尚,很多,是,官方电商平台┋第三方电商平台（如天猫、京东）┋线下专卖店┋朋友代购┋社交媒体平台链接／小程序,(跳过),比较满意,与用户互动性┋信息实用性,(空)
15,2025/4/1 11:29:03,76秒,微信,N/A,42.231.20.181(河南-周口),男,26-35岁,自由职业者,3000-8000元,1-3小时,不太了解,朋友推荐,不太吸引,从未互动,其他：,一般,价格较高,完全没有,否,(跳过),价格过高,不太满意,与用户互动性┋创意和设计感┋信息实用性,(空)
16,2025/4/1 11:29:11,50秒,微信,N/A,119.2.153.122(广东-广州),男,26-35岁,学生,8000-15000元,5小时以上,非常了解,微信公众号┋小红书,非常吸引,很少互动,分享到个人社交圈┋私信交流,一般,高端户外品牌┋价格较高,很多,是,官方电商平台┋第三方电商平台（如天猫、京东）┋线下专卖店,(跳过),非常满意,内容丰富度┋创意和设计感,(空)
17,2025/4/1 11:30:35,31秒,微信,N/A,221.203.33.164(辽宁-鞍山),男,18-25岁,自由职业者,15000元以上,5小时以上,非常了解,微信公众号┋小红书┋抖音/快手,非常吸引,经常互动(点赞、评论、分享等),点赞,非常好,高端户外品牌,很多,是,官方电商平台,(跳过),非常满意,内容丰富度,(空)
18,2025/4/1 11:31:05,61秒,微信,N/A,39.144.59.175(辽宁-沈阳),男,26-35岁,企业职员,3000-8000元,1-3小时,略有了解,微信公众号┋微博┋小红书┋抖音/快手,非常吸引,经常互动(点赞、评论、分享等),点赞,非常好,高端户外品牌┋专业性强,很多,是,官方电商平台,(跳过),非常满意,内容丰富度,(空)
19,2025/4/1 11:31:22,43秒,微信,N/A,221.203.33.164(辽宁-鞍山),女,26-35岁,政府机关工作人员,3000-8000元,少于1小时,不太了解,品牌宫网,一般,从未互动,其他：,较差,价格较高┋环保可持续,完全没有,否,(跳过),品牌吸引力不足,一般,信息实用性,(空)
20,2025/4/1 11:31:54,27秒,微信,N/A,221.203.33.164(辽宁-鞍山),男,26-35岁,企业职员,8000-15000元,3-5小时,略有了解,品牌宫网,比较吸引,很少互动,评论,非常好,高端户外品牌,较少,是,社交媒体平台链接／小程序,(跳过),比较满意,创意和设计感,(空)
21,2025/4/1 11:32:24,880秒,微信,N/A,42.80.77.98(天津-天津),男,18-25岁,企业职员,3000-8000元,1-3小时,略有了解,微信公众号┋小红书,比较吸引,经常互动(点赞、评论、分享等),点赞┋评论,比较好,高端户外品牌┋广告／宣传设计时尚,一般,是,官方电商平台┋第三方电商平台（如天猫、京东）,(跳过),比较满意,内容丰富度┋信息实用性,(空)
22,2025/4/1 11:34:41,115秒,微信,N/A,220.195.77.98(内蒙古-呼和浩特),女,26-35岁,政府机关工作人员,3000-8000元,3-5小时,非常了解,朋友推荐┋线下店铺,不太吸引,从未互动,观看直播,一般,高端户外品牌┋价格较高,较少,否,(跳过),价格过高┋不需要相关产品┋品牌吸引力不足,一般,与用户互动性┋创意和设计感┋信息实用性┋客户服务／售后服务,(空)
23,2025/4/1 11:34:44,60秒,微信,N/A,118.228.246.241(北京-北京),女,26-35岁,学生,3000元以下,3-5小时,不太了解,微博┋小红书┋朋友推荐┋线下店铺,比较吸引,从未互动,点赞,一般,产品设计时尚┋广告／宣传设计时尚,较少,否,(跳过),价格过高┋产品信息不够清楚,比较满意,与用户互动性,无
24,2025/4/1 11:35:13,85秒,微信,N/A,42.102.212.200(黑龙江-哈尔滨),女,26-35岁,政府机关工作人员,3000-8000元,3-5小时,略有了解,微信公众号┋微博┋小红书┋抖音/快手┋线下店铺,一般,从未互动,观看直播,一般,高端户外品牌┋专业性强┋价格较高,一些,否,(跳过),价格过高,比较满意,与用户互动性┋信息实用性,(空)
25,2025/4/1 11:35:48,73秒,微信,N/A,223.104.40.34(北京-北京),女,26-35岁,学生,3000元以下,1-3小时,不太了解,微博┋小红书┋线下店铺,一般,从未互动,点赞┋评论,一般,高端户外品牌┋价格较高┋广告／宣传设计时尚,一般,否,(跳过),价格过高┋不需要相关产品,不太满意,内容丰富度┋信息实用性┋客户服务／售后服务,(空)
26,2025/4/1 11:35:51,220秒,微信,N/A,223.104.78.135(广东-广州),男,36-45岁,其他,15000元以上,3-5小时,略有了解,朋友推荐┋社交媒体广告(如朋友圈广告),一般,从未互动,点赞┋评论┋参与话题活动,一般,高端户外品牌┋专业性强┋价格较高,很多,否,(跳过),价格过高,一般,与用户互动性┋发布频率,(空)
27,2025/4/1 11:36:00,99秒,微信,N/A,123.127.238.127(北京-北京),男,26-35岁,学生,3000元以下,1-3小时,略有了解,小红书┋抖音/快手┋线下店铺,一般,很少互动,参与话题活动,一般,高端户外品牌┋专业性强┋价格较高,一般,否,(跳过),价格过高┋不需要相关产品,一般,内容丰富度┋与用户互动性┋创意和设计感┋信息实用性┋发布频率,(空)
28,2025/4/1 11:36:02,63秒,微信,N/A,49.93.214.79(江苏-南通),女,26-35岁,其他,3000元以下,1-3小时,完全不了解,朋友推荐,不太吸引,从未互动,点赞,比较好,高端户外品牌,一些,否,(跳过),产品信息不够清楚,一般,发布频率,(空)
29,2025/4/1 11:37:09,156秒,微信,N/A,221.203.33.180(辽宁-鞍山),男,46岁及以上,政府机关工作人员,8000-15000元,1-3小时,略有了解,朋友推荐,一般,从未互动,评论┋分享到个人社交圈,比较好,高端户外品牌┋专业性强┋价格较高┋产品设计时尚,很多,否,(跳过),价格过高┋产品信息不够清楚,比较满意,内容丰富度┋与用户互动性┋信息实用性┋客户服务／售后服务,(空)
30,2025/4/1 11:38:35,129秒,微信,N/A,112.224.161.36(山东-济南),女,36-45岁,政府机关工作人员,3000-8000元,1-3小时,不太了解,社交媒体广告(如朋友圈广告),一般,从未互动,观看直播,一般,价格较高,较少,否,(跳过),价格过高,一般,客户服务／售后服务,(空)
31,2025/4/1 11:39:48,61秒,微信,N/A,42.248.60.187(辽宁-沈阳),女,26-35岁,政府机关工作人员,3000-8000元,5小时以上,不太了解,微信公众号┋微博┋小红书,一般,从未互动,点赞┋评论┋分享到个人社交圈,一般,高端户外品牌┋专业性强┋价格较高,一些,否,(跳过),价格过高┋不需要相关产品,非常满意,内容丰富度,好
32,2025/4/1 11:40:10,80秒,微信,N/A,175.167.139.145(辽宁-沈阳),男,26-35岁,政府机关工作人员,8000-15000元,1-3小时,不太了解,朋友推荐┋线下店铺,一般,从未互动,参与话题活动,一般,其他：〖普通品牌〗,完全没有,否,(跳过),价格过高┋产品信息不够清楚,一般,与用户互动性┋信息实用性,没有
33,2025/4/1 11:40:26,59秒,微信,N/A,39.144.54.8(辽宁-辽阳),女,18-25岁,其他,3000-8000元,1-3小时,略有了解,线下店铺,一般,从未互动,分享到个人社交圈,一般,广告／宣传设计时尚,一般,否,(跳过),价格过高,一般,创意和设计感,(空)
34,2025/4/1 11:40:33,158秒,微信,N/A,42.84.232.190(辽宁-大连),女,46岁及以上,自由职业者,3000-8000元,3-5小时,略有了解,线下店铺,一般,很少互动,点赞┋参与话题活动┋观看直播,比较好,高端户外品牌┋产品设计时尚,一般,是,线下专卖店,(跳过),比较满意,内容丰富度┋创意和设计感,(空)
35,2025/4/1 11:46:55,49秒,微信,N/A,123.246.38.207(辽宁-大连),女,26-35岁,政府机关工作人员,3000-8000元,3-5小时,非常了解,微博┋小红书,一般,从未互动,其他：,一般,环保可持续,一般,是,第三方电商平台（如天猫、京东）,(跳过),比较满意,信息实用性,(空)
36,2025/4/1 11:47:28,104秒,微信,N/A,39.144.59.121(辽宁-沈阳),男,26-35岁,政府机关工作人员,8000-15000元,3-5小时,略有了解,微信公众号┋抖音/快手┋品牌宫网┋朋友推荐┋社交媒体广告(如朋友圈广告),一般,从未互动,观看直播,一般,价格较高,一些,否,(跳过),价格过高,一般,信息实用性,(空)
37,2025/4/1 11:50:10,768秒,微信,N/A,14.26.131.20(广东-广州),男,18-25岁,学生,3000元以下,5小时以上,非常了解,品牌宫网,非常吸引,从未互动,观看直播,一般,高端户外品牌,较少,否,(跳过),价格过高,一般,内容丰富度,(空)
38,2025/4/1 11:51:52,117秒,微信,N/A,124.88.127.94(新疆-石河子),女,36-45岁,政府机关工作人员,3000-8000元,3-5小时,略有了解,小红书┋抖音/快手┋朋友推荐┋社交媒体广告(如朋友圈广告),不太吸引,从未互动,点赞┋评论┋参与话题活动,一般,高端户外品牌┋价格较高,较少,否,(跳过),价格过高,一般,内容丰富度┋与用户互动性┋创意和设计感┋信息实用性,无
39,2025/4/1 11:52:22,113秒,微信,N/A,122.192.14.234(江苏-南京),女,18-25岁,企业职员,3000-8000元,5小时以上,非常了解,小红书,非常吸引,从未互动,其他：,一般,价格较高,很多,是,第三方电商平台（如天猫、京东）,(跳过),比较满意,内容丰富度,无
40,2025/4/1 11:52:32,94秒,微信,N/A,14.150.210.132(广东-佛山),男,18-25岁,学生,3000元以下,少于1小时,不太了解,朋友推荐,一般,很少互动,点赞,比较好,高端户外品牌,完全没有,是,官方电商平台,(跳过),非常满意,创意和设计感,找我做运营包帮你解决
41,2025/4/1 11:52:46,102秒,微信,N/A,223.104.64.10(广东-东莞),男,18-25岁,学生,3000元以下,3-5小时,不太了解,微信公众号┋微博┋小红书┋抖音/快手┋朋友推荐,比较吸引,偶尔互动,点赞┋评论┋参与话题活动┋私信交流,比较好,高端户外品牌┋专业性强┋价格较高┋环保可持续,一些,否,(跳过),不需要相关产品┋产品信息不够清楚┋购买流程不便捷,比较满意,与用户互动性┋创意和设计感┋发布频率┋客户服务／售后服务,(空)
42,2025/4/1 11:52:58,79秒,微信,N/A,120.85.116.52(广东-广州),女,18-25岁,其他,3000元以下,5小时以上,完全不了解,小红书,一般,从未互动,评论┋私信交流┋观看直播,一般,广告／宣传设计时尚,一般,否,(跳过),价格过高,一般,内容丰富度┋与用户互动性┋创意和设计感┋信息实用性┋客户服务／售后服务,(空)
43,2025/4/1 11:53:03,55秒,微信,N/A,175.190.29.59(辽宁-大连),女,26-35岁,政府机关工作人员,3000-8000元,5小时以上,不太了解,小红书,一般,从未互动,点赞,一般,高端户外品牌┋价格较高,一些,否,(跳过),价格过高,一般,信息实用性,(空)
44,2025/4/1 11:53:31,38秒,微信,N/A,113.78.193.134(广东-东莞),男,18岁以下,自由职业者,3000元以下,1-3小时,不太了解,微信公众号┋微博,非常吸引,偶尔互动,点赞┋参与话题活动┋私信交流,非常好,高端户外品牌,一般,是,官方电商平台,(跳过),一般,与用户互动性┋创意和设计感,(空)
45,2025/4/1 11:54:00,47秒,微信,N/A,119.184.122.156(山东-日照),女,26-35岁,政府机关工作人员,3000-8000元,5小时以上,完全不了解,品牌宫网,不太吸引,从未互动,观看直播,一般,价格较高,较少,否,(跳过),价格过高┋不需要相关产品,一般,与用户互动性,(空)
46,2025/4/1 11:55:03,66秒,微信,N/A,223.104.78.132(广东-广州),女,26-35岁,企业职员,8000-15000元,1-3小时,完全不了解,小红书,一般,从未互动,分享到个人社交圈┋观看直播,一般,高端户外品牌,完全没有,否,(跳过),产品信息不够清楚,一般,创意和设计感┋信息实用性,(空)
47,2025/4/1 11:55:32,55秒,微信,N/A,175.167.155.47(辽宁-沈阳),女,46岁及以上,政府机关工作人员,3000元以下,少于1小时,完全不了解,小红书,比较吸引,经常互动(点赞、评论、分享等),观看直播,一般,环保可持续,完全没有,否,(跳过),不需要相关产品,比较满意,创意和设计感,(空)
48,2025/4/1 11:55:36,46秒,微信,N/A,125.75.56.103(甘肃-兰州),女,26-35岁,政府机关工作人员,3000-8000元,1-3小时,略有了解,微博┋小红书,不太吸引,从未互动,其他：,一般,广告／宣传设计时尚,较少,否,(跳过),价格过高,一般,信息实用性,无
49,2025/4/1 11:55:57,196秒,微信,N/A,221.195.18.16(河北-沧州),男,26-35岁,政府机关工作人员,3000-8000元,3-5小时,略有了解,微信公众号┋品牌宫网┋线下店铺,一般,很少互动,点赞┋私信交流,比较好,高端户外品牌,一些,是,官方电商平台┋第三方电商平台（如天猫、京东）┋线下专卖店┋朋友代购,(跳过),比较满意,与用户互动性┋创意和设计感,(空)
50,2025/4/1 11:57:19,37秒,微信,N/A,123.246.38.16(辽宁-大连),女,46岁及以上,其他,3000元以下,少于1小时,完全不了解,其他：,完全不吸引,从未互动,其他：,一般,其他：,完全没有,否,(跳过),其他：,一般,其他：,(空)
51,2025/4/1 11:57:33,51秒,微信,N/A,175.167.155.152(辽宁-沈阳),男,18-25岁,政府机关工作人员,3000-8000元,1-3小时,非常了解,微信公众号┋微博┋小红书┋抖音/快手┋品牌宫网┋朋友推荐┋线下店铺┋社交媒体广告(如朋友圈广告),非常吸引,偶尔互动,点赞┋评论┋参与话题活动┋私信交流,比较好,高端户外品牌┋专业性强┋价格较高┋环保可持续┋产品设计时尚,很多,是,官方电商平台┋第三方电商平台（如天猫、京东）┋线下专卖店┋朋友代购┋社交媒体平台链接／小程序,(跳过),比较满意,内容丰富度┋与用户互动性┋创意和设计感┋信息实用性┋发布频率┋客户服务／售后服务,(空)
52,2025/4/1 11:58:42,88秒,微信,N/A,223.102.144.56(辽宁-鞍山),男,36-45岁,政府机关工作人员,3000-8000元,1-3小时,略有了解,品牌宫网,一般,从未互动,点赞┋评论,一般,高端户外品牌┋价格较高,一般,否,(跳过),价格过高,一般,发布频率┋客户服务／售后服务,(空)
53,2025/4/1 12:01:21,474秒,微信,N/A,183.53.174.112(广东-珠海),男,18岁以下,政府机关工作人员,15000元以上,5小时以上,非常了解,微信公众号┋微博┋小红书┋抖音/快手┋品牌宫网┋朋友推荐┋线下店铺┋社交媒体广告(如朋友圈广告),非常吸引,经常互动(点赞、评论、分享等),分享到个人社交圈┋参与话题活动┋私信交流,非常好,高端户外品牌┋专业性强┋环保可持续,很多,是,官方电商平台┋第三方电商平台（如天猫、京东）┋线下专卖店┋朋友代购┋社交媒体平台链接／小程序,(跳过),非常满意,内容丰富度,(空)
54,2025/4/1 12:03:55,55秒,微信,N/A,220.195.77.137(内蒙古-呼和浩特),男,26-35岁,其他,3000-8000元,3-5小时,略有了解,抖音/快手,不太吸引,从未互动,点赞,一般,价格较高,较少,否,(跳过),产品信息不够清楚,一般,创意和设计感,(空)
55,2025/4/1 12:05:03,134秒,微信,N/A,221.203.33.173(辽宁-鞍山),女,46岁及以上,政府机关工作人员,8000-15000元,3-5小时,非常了解,微信公众号┋品牌宫网┋线下店铺,比较吸引,很少互动,点赞,比较好,高端户外品牌,很多,是,线下专卖店,(跳过),比较满意,内容丰富度,(空)
56,2025/4/1 12:06:45,77秒,微信,N/A,223.104.40.71(北京-北京),女,26-35岁,政府机关工作人员,8000-15000元,1-3小时,略有了解,微博┋线下店铺┋社交媒体广告(如朋友圈广告),一般,从未互动,点赞,一般,高端户外品牌┋环保可持续,较少,否,(跳过),产品信息不够清楚,一般,发布频率,(空)
57,2025/4/1 12:07:02,27秒,微信,N/A,112.97.193.192(广东-东莞),男,18岁以下,学生,3000元以下,少于1小时,略有了解,小红书┋品牌宫网┋线下店铺,一般,经常互动(点赞、评论、分享等),点赞┋参与话题活动,一般,高端户外品牌┋产品设计时尚,较少,是,第三方电商平台（如天猫、京东）┋朋友代购,(跳过),非常满意,与用户互动性┋创意和设计感┋信息实用性,(空)
58,2025/4/1 12:10:11,83秒,微信,N/A,120.40.68.58(福建-福州),女,26-35岁,其他,3000-8000元,3-5小时,略有了解,品牌宫网,比较吸引,从未互动,点赞┋评论┋观看直播,比较好,高端户外品牌,较少,否,(跳过),其他：〖推广较少〗,比较满意,与用户互动性┋发布频率,(空)
59,2025/4/1 12:10:15,56秒,微信,N/A,39.144.159.239(安徽-蚌埠),男,26-35岁,企业职员,15000元以上,1-3小时,略有了解,小红书,一般,从未互动,私信交流,非常差,专业性强,一般,否,(跳过),品牌吸引力不足,比较满意,客户服务／售后服务,是
60,2025/4/1 12:11:06,60秒,微信,N/A,117.160.170.97(河南-商丘),男,26-35岁,政府机关工作人员,3000-8000元,1-3小时,略有了解,小红书┋朋友推荐┋社交媒体广告(如朋友圈广告),一般,从未互动,点赞,一般,高端户外品牌┋产品设计时尚,一般,否,(跳过),价格过高┋不需要相关产品,一般,内容丰富度┋与用户互动性┋信息实用性,(空)
61,2025/4/1 12:11:16,167秒,微信,N/A,221.203.33.169(辽宁-鞍山),女,46岁及以上,政府机关工作人员,3000-8000元,少于1小时,不太了解,朋友推荐,一般,偶尔互动,点赞,一般,高端户外品牌┋专业性强,较少,否,(跳过),价格过高,比较满意,信息实用性,无
62,2025/4/1 12:11:50,85秒,微信,N/A,120.230.61.154(广东-佛山),男,26-35岁,自由职业者,3000-8000元,5小时以上,略有了解,抖音/快手┋线下店铺,不太吸引,从未互动,评论,比较好,高端户外品牌┋专业性强┋价格较高,一般,否,(跳过),不需要相关产品,一般,创意和设计感,(空)
63,2025/4/1 12:12:16,72秒,微信,N/A,221.203.33.173(辽宁-鞍山),女,46岁及以上,政府机关工作人员,8000-15000元,1-3小时,非常了解,线下店铺,非常吸引,经常互动(点赞、评论、分享等),参与话题活动,非常好,高端户外品牌,很多,是,官方电商平台┋第三方电商平台（如天猫、京东）┋线下专卖店,(跳过),非常满意,内容丰富度,(空)
64,2025/4/1 12:13:25,156秒,微信,N/A,175.167.145.213(辽宁-沈阳),男,26-35岁,政府机关工作人员,8000-15000元,1-3小时,略有了解,微博┋小红书┋朋友推荐,一般,很少互动,评论,一般,价格较高,较少,是,第三方电商平台（如天猫、京东）,(跳过),一般,内容丰富度┋创意和设计感,无
65,2025/4/1 12:14:19,383秒,微信,N/A,221.203.33.185(辽宁-鞍山),女,46岁及以上,政府机关工作人员,8000-15000元,1-3小时,不太了解,朋友推荐,一般,从未互动,点赞,一般,高端户外品牌,一些,否,(跳过),产品信息不够清楚,比较满意,创意和设计感┋客户服务／售后服务,(空)
66,2025/4/1 12:21:20,82秒,微信,N/A,39.144.55.135(辽宁-辽阳),女,36-45岁,其他,3000-8000元,3-5小时,非常了解,微信公众号┋微博┋小红书┋抖音/快手┋品牌宫网┋朋友推荐┋线下店铺,非常吸引,经常互动(点赞、评论、分享等),点赞┋评论┋分享到个人社交圈┋参与话题活动┋私信交流┋观看直播┋其他：,非常好,高端户外品牌┋专业性强┋价格较高┋环保可持续┋产品设计时尚┋广告／宣传设计时尚,很多,是,官方电商平台┋第三方电商平台（如天猫、京东）┋线下专卖店,(跳过),非常满意,内容丰富度┋与用户互动性┋创意和设计感┋信息实用性┋发布频率,(空)
67,2025/4/1 12:22:39,77秒,微信,N/A,221.203.33.186(辽宁-鞍山),男,26-35岁,政府机关工作人员,3000-8000元,3-5小时,略有了解,微信公众号┋微博┋抖音/快手,比较吸引,从未互动,点赞,非常好,高端户外品牌┋专业性强┋价格较高,很多,否,(跳过),价格过高,非常满意,与用户互动性┋创意和设计感┋客户服务／售后服务,(空)
68,2025/4/1 12:24:53,85秒,微信,N/A,39.144.124.36(浙江-杭州),女,26-35岁,政府机关工作人员,8000-15000元,3-5小时,不太了解,朋友推荐,不太吸引,从未互动,点赞,一般,价格较高,较少,否,(跳过),价格过高,一般,创意和设计感,(空)
69,2025/4/1 12:26:18,51秒,微信,N/A,123.246.47.138(辽宁-大连),男,26-35岁,其他,3000-8000元,1-3小时,略有了解,抖音/快手┋品牌宫网┋朋友推荐,比较吸引,偶尔互动,点赞┋评论,比较好,价格较高,一般,是,官方电商平台┋线下专卖店,(跳过),一般,发布频率┋客户服务／售后服务,(空)
70,2025/4/1 12:26:28,84秒,微信,N/A,39.144.59.106(辽宁-沈阳),男,26-35岁,其他,8000-15000元,1-3小时,略有了解,微信公众号┋品牌宫网,比较吸引,从未互动,观看直播,一般,高端户外品牌┋价格较高,一些,否,(跳过),价格过高,比较满意,内容丰富度┋创意和设计感┋信息实用性┋客户服务／售后服务,(空)
71,2025/4/1 12:27:45,86秒,微信,N/A,123.246.38.122(辽宁-大连),男,36-45岁,企业职员,3000-8000元,3-5小时,略有了解,抖音/快手,比较吸引,很少互动,观看直播,比较好,高端户外品牌┋价格较高,一些,是,线下专卖店,(跳过),非常满意,信息实用性┋客户服务／售后服务,(空)
72,2025/4/1 12:29:45,116秒,微信,N/A,182.204.54.253(辽宁-铁岭),男,26-35岁,政府机关工作人员,3000-8000元,3-5小时,略有了解,朋友推荐┋线下店铺,一般,从未互动,私信交流,一般,高端户外品牌┋价格较高,一般,否,(跳过),价格过高,一般,创意和设计感,(空)
73,2025/4/1 12:31:08,60秒,微信,N/A,115.51.211.205(河南-新乡),女,26-35岁,政府机关工作人员,3000-8000元,3-5小时,不太了解,微信公众号┋小红书┋社交媒体广告(如朋友圈广告),一般,从未互动,点赞,一般,高端户外品牌┋价格较高,一些,否,(跳过),价格过高,比较满意,创意和设计感,(空)
74,2025/4/1 12:31:29,26秒,微信,N/A,171.114.171.170(湖北-咸宁),女,26-35岁,政府机关工作人员,3000-8000元,5小时以上,不太了解,其他：,完全不吸引,从未互动,其他：,非常差,其他：,完全没有,否,(跳过),其他：,非常不满意,其他：,(空)
75,2025/4/1 12:31:54,116秒,微信,N/A,39.144.55.232(辽宁-辽阳),女,18-25岁,其他,15000元以上,1-3小时,略有了解,线下店铺,一般,从未互动,观看直播,一般,价格较高,一般,否,(跳过),价格过高,一般,创意和设计感┋客户服务／售后服务,(空)
76,2025/4/1 12:32:05,84秒,微信,N/A,39.144.55.161(辽宁-辽阳),女,26-35岁,其他,3000元以下,1-3小时,略有了解,线下店铺,一般,从未互动,观看直播,比较好,高端户外品牌,一般,否,(跳过),价格过高,比较满意,信息实用性,(空)
77,2025/4/1 12:32:41,88秒,微信,N/A,117.136.1.117(天津-天津),女,26-35岁,政府机关工作人员,3000-8000元,5小时以上,略有了解,小红书┋其他：〖播客〗,一般,从未互动,点赞┋观看直播,一般,高端户外品牌┋价格较高,完全没有,否,(跳过),价格过高┋不需要相关产品,一般,其他：〖不熟悉〗,(空)
78,2025/4/1 12:36:11,220秒,微信,N/A,39.144.53.41(辽宁-朝阳),女,26-35岁,政府机关工作人员,3000-8000元,1-3小时,非常了解,微信公众号┋微博┋抖音/快手┋线下店铺,比较吸引,很少互动,分享到个人社交圈┋参与话题活动┋观看直播,非常好,专业性强┋广告／宣传设计时尚,很多,是,官方电商平台┋第三方电商平台（如天猫、京东）┋线下专卖店,(跳过),非常满意,内容丰富度┋与用户互动性┋创意和设计感,(空)
79,2025/4/1 12:36:46,150秒,微信,N/A,120.219.208.18(河南-濮阳),女,36-45岁,政府机关工作人员,8000-15000元,1-3小时,不太了解,社交媒体广告(如朋友圈广告),一般,从未互动,观看直播,一般,价格较高,一些,否,(跳过),产品信息不够清楚,一般,信息实用性,无
80,2025/4/1 12:57:54,69秒,微信,N/A,39.144.53.13(辽宁-朝阳),女,26-35岁,其他,3000-8000元,1-3小时,略有了解,品牌宫网,非常吸引,经常互动(点赞、评论、分享等),点赞┋评论┋分享到个人社交圈┋参与话题活动┋私信交流┋观看直播,非常好,高端户外品牌┋专业性强┋价格较高┋环保可持续┋产品设计时尚┋广告／宣传设计时尚,很多,是,官方电商平台┋第三方电商平台（如天猫、京东）┋线下专卖店┋朋友代购┋社交媒体平台链接／小程序,(跳过),非常满意,内容丰富度┋与用户互动性┋创意和设计感┋信息实用性┋发布频率┋客户服务／售后服务,(空)
81,2025/4/1 12:59:56,111秒,微信,N/A,110.86.217.118(福建-厦门),男,26-35岁,企业职员,8000-15000元,少于1小时,略有了解,抖音/快手┋朋友推荐,一般,从未互动,观看直播,一般,高端户外品牌┋价格较高┋广告／宣传设计时尚,一些,否,(跳过),价格过高,一般,内容丰富度┋与用户互动性,(空)
82,2025/4/1 13:02:57,83秒,微信,N/A,223.102.86.53(辽宁-大连),男,26-35岁,政府机关工作人员,8000-15000元,5小时以上,非常了解,线下店铺,比较吸引,很少互动,点赞,比较好,高端户外品牌┋价格较高┋广告／宣传设计时尚,很多,是,线下专卖店┋朋友代购,(跳过),比较满意,内容丰富度┋创意和设计感,(空)
83,2025/4/1 13:03:27,76秒,微信,N/A,39.144.81.40(天津-天津),男,26-35岁,政府机关工作人员,8000-15000元,1-3小时,略有了解,微信公众号┋微博┋品牌宫网┋朋友推荐┋线下店铺┋社交媒体广告(如朋友圈广告),比较吸引,偶尔互动,点赞┋评论┋分享到个人社交圈,比较好,高端户外品牌┋专业性强,一些,是,官方电商平台┋第三方电商平台（如天猫、京东）┋线下专卖店┋朋友代购,(跳过),比较满意,内容丰富度┋与用户互动性┋创意和设计感┋发布频率,(空)
84,2025/4/1 13:04:27,75秒,微信,N/A,113.251.7.37(重庆-重庆),女,26-35岁,政府机关工作人员,8000-15000元,5小时以上,略有了解,微博┋小红书┋社交媒体广告(如朋友圈广告),一般,从未互动,观看直播,比较好,高端户外品牌,一些,否,(跳过),价格过高,一般,信息实用性┋客户服务／售后服务,(空)
85,2025/4/1 13:04:51,60秒,微信,N/A,223.102.69.159(辽宁-大连),男,18-25岁,政府机关工作人员,3000-8000元,5小时以上,非常了解,微信公众号┋微博┋小红书┋抖音/快手┋品牌宫网,非常吸引,很少互动,观看直播,一般,其他：〖装逼〗,一般,是,线下专卖店┋朋友代购,(跳过),一般,创意和设计感,(空)
86,2025/4/1 13:05:34,22秒,微信,N/A,39.144.59.118(辽宁-沈阳),男,26-35岁,企业职员,15000元以上,少于1小时,非常了解,微信公众号,比较吸引,很少互动,私信交流,比较好,环保可持续,一般,否,(跳过),不需要相关产品,比较满意,与用户互动性,(空)
87,2025/4/1 13:05:35,33秒,微信,N/A,42.84.232.147(辽宁-大连),男,26-35岁,其他,3000元以下,少于1小时,完全不了解,微信公众号,非常吸引,经常互动(点赞、评论、分享等),点赞,非常好,高端户外品牌,很多,是,官方电商平台,(跳过),非常满意,内容丰富度,(空)
88,2025/4/1 13:06:19,19秒,微信,N/A,223.102.69.159(辽宁-大连),男,18-25岁,企业职员,8000-15000元,5小时以上,不太了解,品牌宫网,不太吸引,很少互动,观看直播,较差,环保可持续,较少,是,第三方电商平台（如天猫、京东）,(跳过),非常满意,内容丰富度,(空)
89,2025/4/1 13:14:34,181秒,微信,N/A,39.144.58.180(辽宁-铁岭),男,18-25岁,政府机关工作人员,3000-8000元,1-3小时,略有了解,微信公众号┋朋友推荐┋线下店铺,比较吸引,偶尔互动,分享到个人社交圈┋观看直播,比较好,高端户外品牌┋价格较高,一些,是,官方电商平台┋第三方电商平台（如天猫、京东）,(跳过),非常满意,内容丰富度┋与用户互动性┋创意和设计感,希望有更多突出产品调性的设计
90,2025/4/1 13:21:35,51秒,微信,N/A,27.149.86.6(福建-福州),男,26-35岁,企业职员,8000-15000元,3-5小时,完全不了解,朋友推荐,一般,从未互动,点赞,一般,高端户外品牌,一般,否,(跳过),购买流程不便捷,一般,信息实用性,(空)
91,2025/4/1 13:24:50,94秒,微信,N/A,182.204.38.103(辽宁-铁岭),男,46岁及以上,其他,8000-15000元,1-3小时,略有了解,微信公众号┋抖音/快手┋品牌宫网┋社交媒体广告(如朋友圈广告)┋其他：,比较吸引,偶尔互动,点赞┋观看直播┋其他：,比较好,高端户外品牌,一般,否,(跳过),价格过高,比较满意,创意和设计感┋信息实用性┋其他：,(空)
92,2025/4/1 13:25:55,167秒,微信,N/A,123.246.53.205(辽宁-大连),男,46岁及以上,政府机关工作人员,8000-15000元,3-5小时,略有了解,线下店铺,非常吸引,偶尔互动,点赞┋其他：,非常好,高端户外品牌┋专业性强┋价格较高┋环保可持续┋产品设计时尚┋广告／宣传设计时尚┋其他：,很多,是,官方电商平台┋第三方电商平台（如天猫、京东）┋线下专卖店,(跳过),非常满意,内容丰富度┋与用户互动性┋创意和设计感┋信息实用性┋发布频率┋客户服务／售后服务┋其他：,(空)
93,2025/4/1 13:30:58,23秒,微信,N/A,116.22.1.20(广东-广州),男,18-25岁,其他,15000元以上,3-5小时,完全不了解,抖音/快手,比较吸引,很少互动,点赞,非常好,高端户外品牌,很多,是,线下专卖店,(跳过),比较满意,信息实用性,(空)
94,2025/4/1 13:36:01,89秒,微信,N/A,39.144.53.146(辽宁-朝阳),男,26-35岁,政府机关工作人员,8000-15000元,少于1小时,非常了解,线下店铺,一般,从未互动,参与话题活动,一般,高端户外品牌┋专业性强┋价格较高┋产品设计时尚,完全没有,否,(跳过),产品信息不够清楚,一般,内容丰富度┋与用户互动性┋信息实用性,(空)
95,2025/4/1 13:43:21,121秒,微信,N/A,39.144.57.57(辽宁-阜新),男,26-35岁,政府机关工作人员,3000-8000元,3-5小时,略有了解,微信公众号┋微博┋小红书┋抖音/快手┋品牌宫网┋朋友推荐┋线下店铺┋社交媒体广告(如朋友圈广告),非常吸引,经常互动(点赞、评论、分享等),点赞┋参与话题活动┋私信交流┋观看直播,非常好,高端户外品牌┋专业性强┋价格较高┋环保可持续┋产品设计时尚┋广告／宣传设计时尚,很多,是,官方电商平台┋第三方电商平台（如天猫、京东）┋社交媒体平台链接／小程序,(跳过),比较满意,内容丰富度┋与用户互动性┋创意和设计感┋信息实用性┋发布频率┋客户服务／售后服务,请线下实体店的店员谦逊一点，不要傲慢无礼。
96,2025/4/1 13:48:30,117秒,微信,N/A,60.179.215.165(浙江-宁波),女,26-35岁,企业职员,3000-8000元,3-5小时,略有了解,小红书┋抖音/快手,比较吸引,从未互动,观看直播,一般,高端户外品牌┋价格较高┋产品设计时尚,一些,否,(跳过),价格过高┋购买流程不便捷,一般,创意和设计感┋客户服务／售后服务,(空)
97,2025/4/1 13:59:39,88秒,微信,N/A,182.204.2.17(辽宁-沈阳),男,18-25岁,政府机关工作人员,3000-8000元,5小时以上,略有了解,朋友推荐┋社交媒体广告(如朋友圈广告),不太吸引,很少互动,分享到个人社交圈┋参与话题活动,一般,高端户外品牌┋专业性强┋价格较高,很多,否,(跳过),价格过高,一般,与用户互动性┋信息实用性┋发布频率,(空)
98,2025/4/1 14:01:31,100秒,微信,N/A,221.203.33.185(辽宁-鞍山),男,46岁及以上,政府机关工作人员,8000-15000元,3-5小时,略有了解,微信公众号┋微博┋小红书┋抖音/快手┋品牌宫网┋朋友推荐┋线下店铺┋社交媒体广告(如朋友圈广告),一般,从未互动,点赞┋评论┋分享到个人社交圈┋参与话题活动┋私信交流┋观看直播,一般,高端户外品牌┋专业性强┋价格较高,一些,否,(跳过),价格过高┋不需要相关产品┋品牌吸引力不足┋产品信息不够清楚,一般,内容丰富度┋与用户互动性┋创意和设计感,(空)
99,2025/4/1 14:28:25,82秒,微信,N/A,116.130.28.85(天津-天津),男,26-35岁,学生,8000-15000元,1-3小时,略有了解,朋友推荐,一般,从未互动,私信交流,一般,环保可持续,一般,否,(跳过),价格过高,一般,信息实用性,(空)
100,2025/4/1 14:28:57,95秒,微信,N/A,42.87.245.157(辽宁-阜新),女,26-35岁,政府机关工作人员,3000-8000元,5小时以上,略有了解,品牌宫网┋线下店铺,一般,从未互动,观看直播,一般,专业性强,一些,否,(跳过),购买流程不便捷,一般,信息实用性,(空)
101,2025/4/1 14:32:58,209秒,微信,N/A,58.62.42.38(广东-广州),女,26-35岁,其他,8000-15000元,3-5小时,略有了解,小红书┋品牌宫网┋朋友推荐┋线下店铺,比较吸引,很少互动,点赞┋观看直播,比较好,高端户外品牌┋专业性强┋价格较高┋产品设计时尚,一些,否,(跳过),产品信息不够清楚,一般,信息实用性┋客户服务／售后服务,(空)
102,2025/4/1 14:35:29,355秒,微信,N/A,175.167.128.92(辽宁-沈阳),男,26-35岁,政府机关工作人员,3000-8000元,少于1小时,略有了解,小红书┋朋友推荐,比较吸引,很少互动,点赞┋私信交流,比较好,高端户外品牌,很多,否,(跳过),价格过高,比较满意,内容丰富度┋与用户互动性,(空)
103,2025/4/1 14:35:47,82秒,微信,N/A,120.239.137.87(广东-湛江),女,26-35岁,政府机关工作人员,3000-8000元,1-3小时,不太了解,微信公众号┋微博┋小红书┋抖音/快手,一般,从未互动,点赞┋评论,一般,高端户外品牌┋价格较高┋产品设计时尚┋广告／宣传设计时尚,一些,否,(跳过),价格过高┋不需要相关产品┋品牌吸引力不足,一般,创意和设计感┋客户服务／售后服务,(空)
104,2025/4/1 14:37:31,46秒,微信,N/A,223.104.228.154(天津-天津),男,26-35岁,政府机关工作人员,8000-15000元,1-3小时,略有了解,微信公众号,非常吸引,经常互动(点赞、评论、分享等),点赞,非常好,高端户外品牌,很多,是,官方电商平台,(跳过),非常满意,内容丰富度,无
105,2025/4/1 14:40:03,1311秒,微信,N/A,183.252.2.247(福建-厦门),男,26-35岁,企业职员,8000-15000元,1-3小时,略有了解,微信公众号┋小红书┋抖音/快手,一般,很少互动,点赞┋参与话题活动,比较好,高端户外品牌┋专业性强,一些,否,(跳过),不需要相关产品,一般,与用户互动性┋创意和设计感,(空)
106,2025/4/1 14:41:53,130秒,微信,N/A,223.104.53.114(福建-泉州),男,26-35岁,政府机关工作人员,3000-8000元,3-5小时,不太了解,小红书┋社交媒体广告(如朋友圈广告),一般,很少互动,点赞┋观看直播,比较好,高端户外品牌┋专业性强┋价格较高,一些,否,(跳过),品牌吸引力不足,比较满意,内容丰富度┋与用户互动性,(空)
107,2025/4/1 14:43:13,55秒,微信,N/A,27.149.112.253(福建-福州),男,26-35岁,其他,3000元以下,3-5小时,不太了解,小红书┋朋友推荐,一般,从未互动,点赞,一般,价格较高,较少,否,(跳过),价格过高,一般,信息实用性,(空)
108,2025/4/1 14:49:31,212秒,微信,N/A,223.104.228.182(天津-天津),男,26-35岁,企业职员,8000-15000元,1-3小时,非常了解,微信公众号,比较吸引,经常互动(点赞、评论、分享等),点赞┋分享到个人社交圈┋私信交流,一般,专业性强┋环保可持续,一些,否,(跳过),价格过高┋品牌吸引力不足,比较满意,与用户互动性┋创意和设计感┋信息实用性,无
109,2025/4/1 14:53:10,171秒,微信,N/A,223.104.228.161(天津-天津),女,18-25岁,学生,3000元以下,5小时以上,略有了解,微博┋抖音/快手,一般,从未互动,点赞┋评论,一般,高端户外品牌┋专业性强,一些,否,(跳过),价格过高┋不需要相关产品,一般,内容丰富度┋创意和设计感,基本没见过女模特
110,2025/4/1 14:55:48,126秒,微信,N/A,42.80.116.235(天津-天津),女,18-25岁,学生,3000元以下,1-3小时,略有了解,微信公众号┋小红书┋抖音/快手┋朋友推荐┋社交媒体广告(如朋友圈广告),比较吸引,很少互动,观看直播,比较好,高端户外品牌┋专业性强┋价格较高┋环保可持续┋产品设计时尚┋广告／宣传设计时尚,一些,否,(跳过),品牌吸引力不足,比较满意,内容丰富度┋与用户互动性┋创意和设计感┋信息实用性┋发布频率┋客户服务／售后服务,无
111,2025/4/1 14:57:49,92秒,微信,N/A,183.157.162.146(浙江-杭州),男,26-35岁,学生,3000元以下,1-3小时,略有了解,微信公众号┋朋友推荐┋线下店铺,一般,很少互动,点赞,一般,价格较高,一些,否,(跳过),价格过高,一般,与用户互动性,(空)
112,2025/4/1 14:59:46,153秒,微信,N/A,39.152.149.123(辽宁-大连),男,26-35岁,学生,3000元以下,1-3小时,略有了解,微信公众号┋小红书┋抖音/快手┋朋友推荐,一般,从未互动,观看直播,一般,高端户外品牌┋价格较高,较少,否,(跳过),价格过高┋品牌吸引力不足,一般,创意和设计感┋信息实用性,店员挺傲慢，态度一般
113,2025/4/1 15:01:51,102秒,微信,N/A,123.246.45.191(辽宁-大连),男,26-35岁,政府机关工作人员,3000-8000元,5小时以上,略有了解,朋友推荐,完全不吸引,从未互动,其他：,一般,其他：,完全没有,否,(跳过),价格过高┋不需要相关产品,一般,其他：,(空)
114,2025/4/1 15:14:44,80秒,微信,N/A,223.104.87.68(广东-广州),男,26-35岁,政府机关工作人员,8000-15000元,3-5小时,略有了解,微信公众号┋线下店铺,一般,从未互动,参与话题活动,一般,价格较高,一般,否,(跳过),价格过高,一般,创意和设计感,(空)
115,2025/4/1 15:35:13,92秒,微信,N/A,111.164.1.59(天津-天津),女,26-35岁,政府机关工作人员,8000-15000元,1-3小时,略有了解,小红书┋抖音/快手┋品牌宫网┋朋友推荐,比较吸引,偶尔互动,观看直播,一般,高端户外品牌,一般,否,(跳过),价格过高┋不需要相关产品,比较满意,与用户互动性,(空)
116,2025/4/1 15:39:07,57秒,微信,N/A,175.167.129.43(辽宁-沈阳),男,18-25岁,其他,3000-8000元,1-3小时,不太了解,线下店铺,一般,从未互动,观看直播,一般,价格较高,一般,否,(跳过),不需要相关产品,一般,信息实用性,(空)
117,2025/4/1 16:19:28,80秒,微信,N/A,111.164.1.59(天津-天津),男,26-35岁,政府机关工作人员,3000-8000元,少于1小时,完全不了解,抖音/快手,一般,从未互动,点赞,一般,广告／宣传设计时尚,一般,否,(跳过),价格过高┋购买流程不便捷,一般,信息实用性,(空)
118,2025/4/1 16:29:55,41秒,微信,N/A,116.130.207.70(天津-天津),女,26-35岁,自由职业者,15000元以上,少于1小时,略有了解,线下店铺,比较吸引,偶尔互动,点赞,一般,价格较高,一般,是,第三方电商平台（如天猫、京东）,(跳过),比较满意,信息实用性,(空)
119,2025/4/1 16:44:08,96秒,微信,N/A,117.136.1.145(天津-天津),女,26-35岁,政府机关工作人员,3000-8000元,5小时以上,不太了解,小红书┋朋友推荐┋线下店铺,不太吸引,从未互动,点赞,一般,价格较高,一些,否,(跳过),不需要相关产品,一般,创意和设计感┋信息实用性,(空)
120,2025/4/1 17:34:55,48秒,微信,N/A,183.157.162.148(浙江-杭州),男,26-35岁,政府机关工作人员,8000-15000元,5小时以上,非常了解,朋友推荐┋线下店铺,非常吸引,很少互动,私信交流,非常好,高端户外品牌,很多,是,官方电商平台,(跳过),非常满意,内容丰富度┋与用户互动性┋创意和设计感,(空)
121,2025/4/1 17:36:02,98秒,微信,N/A,223.104.161.20(浙江-宁波),男,26-35岁,学生,3000-8000元,3-5小时,略有了解,微信公众号┋抖音/快手┋朋友推荐┋线下店铺┋社交媒体广告(如朋友圈广告),比较吸引,很少互动,点赞┋评论,一般,高端户外品牌┋专业性强┋价格较高,一般,否,(跳过),价格过高,比较满意,与用户互动性,(空)
122,2025/4/1 17:36:18,57秒,微信,N/A,117.136.1.6(天津-天津),男,36-45岁,企业职员,8000-15000元,1-3小时,略有了解,社交媒体广告(如朋友圈广告),一般,从未互动,分享到个人社交圈,一般,高端户外品牌┋价格较高,完全没有,否,(跳过),价格过高,一般,信息实用性,(空)
123,2025/4/1 17:37:09,165秒,微信,N/A,211.90.251.199(浙江-宁波),男,26-35岁,学生,3000元以下,3-5小时,略有了解,朋友推荐,比较吸引,从未互动,观看直播,比较好,高端户外品牌,一些,否,(跳过),价格过高,比较满意,创意和设计感┋客户服务／售后服务,无
124,2025/4/1 17:37:20,53秒,微信,N/A,117.136.1.6(天津-天津),男,26-35岁,企业职员,3000-8000元,1-3小时,略有了解,抖音/快手,一般,从未互动,观看直播,一般,价格较高,较少,否,(跳过),价格过高,比较满意,创意和设计感,(空)
125,2025/4/1 17:37:33,104秒,微信,N/A,223.104.161.138(浙江-宁波),男,26-35岁,企业职员,3000-8000元,5小时以上,略有了解,朋友推荐,非常吸引,偶尔互动,评论┋分享到个人社交圈,非常好,高端户外品牌,很多,是,官方电商平台,(跳过),非常满意,内容丰富度,能不能便宜点
126,2025/4/1 17:38:11,47秒,微信,N/A,117.136.1.6(天津-天津),男,26-35岁,企业职员,8000-15000元,1-3小时,略有了解,微信公众号┋线下店铺,一般,从未互动,点赞,比较好,高端户外品牌┋价格较高,一些,否,(跳过),价格过高┋不需要相关产品,一般,内容丰富度┋创意和设计感,(空)
127,2025/4/1 17:38:40,36秒,微信,N/A,39.144.124.53(浙江-杭州),男,18-25岁,学生,3000元以下,3-5小时,完全不了解,朋友推荐,完全不吸引,从未互动,点赞,较差,专业性强,完全没有,否,(跳过),购买流程不便捷,一般,与用户互动性,(空)
128,2025/4/1 17:39:31,66秒,微信,N/A,117.136.1.6(天津-天津),男,36-45岁,政府机关工作人员,8000-15000元,1-3小时,略有了解,朋友推荐┋社交媒体广告(如朋友圈广告),比较吸引,从未互动,点赞,比较好,专业性强,一些,是,官方电商平台,(跳过),比较满意,创意和设计感,增加年轻人款式
129,2025/4/1 17:40:34,53秒,微信,N/A,117.136.1.6(天津-天津),男,46岁及以上,政府机关工作人员,15000元以上,3-5小时,非常了解,微信公众号┋微博┋小红书┋抖音/快手┋社交媒体广告(如朋友圈广告),非常吸引,经常互动(点赞、评论、分享等),分享到个人社交圈┋参与话题活动┋观看直播,比较好,高端户外品牌┋产品设计时尚,一些,是,线下专卖店┋朋友代购,(跳过),比较满意,信息实用性┋发布频率,(空)
130,2025/4/1 17:45:05,30秒,微信,N/A,112.39.106.18(辽宁-沈阳),男,26-35岁,自由职业者,3000-8000元,少于1小时,略有了解,微信公众号,非常吸引,经常互动(点赞、评论、分享等),点赞,非常好,高端户外品牌,一般,否,(跳过),不需要相关产品,非常满意,内容丰富度,(空)
131,2025/4/1 17:46:28,49秒,微信,N/A,117.136.1.6(天津-天津),女,36-45岁,企业职员,15000元以上,少于1小时,不太了解,线下店铺┋社交媒体广告(如朋友圈广告),一般,从未互动,评论,一般,专业性强┋价格较高┋产品设计时尚,一些,否,(跳过),价格过高,一般,与用户互动性┋信息实用性,(空)
132,2025/4/1 17:47:42,56秒,微信,N/A,117.136.1.6(天津-天津),女,26-35岁,政府机关工作人员,3000-8000元,3-5小时,非常了解,小红书┋抖音/快手┋品牌宫网┋线下店铺┋社交媒体广告(如朋友圈广告),非常吸引,偶尔互动,观看直播,比较好,高端户外品牌┋价格较高┋产品设计时尚,很多,是,官方电商平台┋线下专卖店┋朋友代购,(跳过),比较满意,内容丰富度┋与用户互动性┋发布频率,(空)
133,2025/4/1 17:49:35,81秒,微信,N/A,117.136.1.6(天津-天津),男,36-45岁,企业职员,15000元以上,1-3小时,略有了解,朋友推荐┋线下店铺,一般,从未互动,点赞┋观看直播,比较好,高端户外品牌┋专业性强┋价格较高,一些,是,第三方电商平台（如天猫、京东）┋线下专卖店,(跳过),比较满意,客户服务／售后服务,不要搞饥饿营销
134,2025/4/1 17:50:29,34秒,微信,N/A,117.136.1.6(天津-天津),男,26-35岁,企业职员,8000-15000元,1-3小时,完全不了解,朋友推荐,一般,从未互动,观看直播,一般,专业性强,一些,否,(跳过),产品信息不够清楚,比较满意,与用户互动性,(空)
135,2025/4/1 17:51:28,46秒,微信,N/A,117.136.1.6(天津-天津),男,26-35岁,企业职员,8000-15000元,3-5小时,不太了解,抖音/快手┋朋友推荐,不太吸引,从未互动,点赞,较差,高端户外品牌┋价格较高,完全没有,否,(跳过),价格过高,不太满意,内容丰富度┋与用户互动性┋创意和设计感┋信息实用性┋发布频率┋客户服务／售后服务,又贵又丑
136,2025/4/1 17:51:31,49秒,微信,N/A,223.104.69.64(广东-佛山),男,26-35岁,学生,3000元以下,1-3小时,略有了解,抖音/快手┋品牌宫网┋线下店铺,非常吸引,从未互动,参与话题活动┋观看直播,一般,高端户外品牌,一些,否,(跳过),价格过高,比较满意,内容丰富度┋与用户互动性,(空)
137,2025/4/1 17:52:28,54秒,微信,N/A,117.136.1.6(天津-天津),男,36-45岁,企业职员,3000-8000元,1-3小时,完全不了解,朋友推荐,完全不吸引,从未互动,点赞,一般,价格较高,较少,否,(跳过),不需要相关产品,一般,内容丰富度┋与用户互动性,(空)
138,2025/4/1 17:57:05,88秒,微信,N/A,175.167.145.152(辽宁-沈阳),男,26-35岁,政府机关工作人员,3000-8000元,1-3小时,略有了解,朋友推荐,比较吸引,从未互动,点赞,比较好,高端户外品牌,很多,是,第三方电商平台（如天猫、京东）┋线下专卖店,(跳过),非常满意,内容丰富度┋与用户互动性,(空)
139,2025/4/1 17:57:59,148秒,微信,N/A,112.42.29.241(辽宁-大连),女,26-35岁,企业职员,8000-15000元,3-5小时,略有了解,线下店铺,一般,从未互动,评论┋参与话题活动┋观看直播,比较好,高端户外品牌┋专业性强┋价格较高,一些,是,线下专卖店,(跳过),比较满意,内容丰富度┋与用户互动性┋创意和设计感,无
140,2025/4/1 18:02:37,66秒,微信,N/A,39.144.57.134(辽宁-锦州),男,26-35岁,政府机关工作人员,3000-8000元,1-3小时,略有了解,微信公众号,比较吸引,很少互动,评论,一般,专业性强┋产品设计时尚,一般,否,(跳过),价格过高,比较满意,信息实用性,(空)
141,2025/4/1 18:15:49,124秒,微信,N/A,39.144.53.172(辽宁-朝阳),女,18-25岁,企业职员,3000元以下,1-3小时,略有了解,微博┋小红书┋品牌宫网┋线下店铺,不太吸引,从未互动,观看直播,一般,高端户外品牌┋价格较高┋产品设计时尚,一些,否,(跳过),价格过高,比较满意,发布频率,(空)
142,2025/4/1 18:20:51,91秒,微信,N/A,122.192.14.241(江苏-南京),女,18-25岁,企业职员,3000-8000元,1-3小时,略有了解,微信公众号┋小红书,比较吸引,很少互动,点赞,比较好,产品设计时尚,一些,是,官方电商平台┋第三方电商平台（如天猫、京东）,(跳过),比较满意,内容丰富度,(空)
143,2025/4/1 18:31:57,88秒,微信,N/A,223.104.176.149(辽宁-大连),女,26-35岁,企业职员,3000-8000元,1-3小时,略有了解,朋友推荐┋线下店铺,一般,从未互动,点赞┋评论,一般,价格较高,一般,否,(跳过),价格过高,一般,创意和设计感,(空)
144,2025/4/1 19:46:06,103秒,微信,N/A,39.144.55.188(辽宁-辽阳),男,36-45岁,政府机关工作人员,3000-8000元,1-3小时,略有了解,品牌宫网┋线下店铺,一般,从未互动,评论,一般,高端户外品牌,较少,否,(跳过),价格过高,一般,内容丰富度┋与用户互动性┋创意和设计感┋信息实用性┋发布频率,(空)
145,2025/4/1 20:04:45,74秒,微信,N/A,222.186.101.241(江苏-镇江),男,26-35岁,政府机关工作人员,15000元以上,3-5小时,略有了解,微信公众号,非常吸引,经常互动(点赞、评论、分享等),点赞,非常好,高端户外品牌,很多,是,官方电商平台,(跳过),非常满意,内容丰富度┋其他：,(空)
146,2025/4/1 20:12:52,24秒,微信,N/A,116.130.28.85(天津-天津),女,46岁及以上,企业职员,8000-15000元,5小时以上,略有了解,微博,比较吸引,偶尔互动,参与话题活动,较差,专业性强,完全没有,是,朋友代购,(跳过),比较满意,创意和设计感,(空)
147,2025/4/1 21:36:01,106秒,微信,N/A,36.106.136.116(天津-天津),男,26-35岁,政府机关工作人员,8000-15000元,3-5小时,略有了解,微信公众号,不太吸引,从未互动,观看直播,一般,高端户外品牌,较少,否,(跳过),价格过高┋品牌吸引力不足,一般,客户服务／售后服务,(空)
148,2025/4/1 21:41:46,88秒,微信,N/A,36.106.136.116(天津-天津),女,26-35岁,其他,15000元以上,1-3小时,不太了解,小红书,一般,从未互动,观看直播,比较好,高端户外品牌┋专业性强,较少,否,(跳过),不需要相关产品,一般,与用户互动性┋创意和设计感┋客户服务／售后服务,(空)
149,2025/4/1 21:49:09,78秒,微信,N/A,39.144.57.154(辽宁-锦州),男,26-35岁,政府机关工作人员,3000-8000元,3-5小时,非常了解,朋友推荐┋线下店铺,一般,从未互动,评论┋参与话题活动┋私信交流,比较好,高端户外品牌┋专业性强┋价格较高,一些,否,(跳过),价格过高,一般,创意和设计感,(空)
150,2025/4/1 22:02:21,62秒,微信,N/A,111.30.201.192(天津-天津),男,26-35岁,政府机关工作人员,8000-15000元,1-3小时,略有了解,抖音/快手┋朋友推荐┋线下店铺,一般,从未互动,私信交流,一般,高端户外品牌┋价格较高┋产品设计时尚,一般,否,(跳过),价格过高,一般,创意和设计感┋信息实用性,无
151,2025/4/1 22:36:34,96秒,微信,N/A,59.152.39.162(河南-郑州),女,26-35岁,企业职员,3000-8000元,3-5小时,略有了解,微博┋小红书┋线下店铺,一般,很少互动,点赞,一般,高端户外品牌┋产品设计时尚┋广告／宣传设计时尚,一些,否,(跳过),价格过高,一般,与用户互动性,(空)
152,2025/4/1 22:55:25,113秒,微信,N/A,123.189.18.234(辽宁-鞍山),男,26-35岁,政府机关工作人员,8000-15000元,5小时以上,略有了解,抖音/快手,完全不吸引,从未互动,其他：,一般,高端户外品牌,完全没有,否,(跳过),价格过高,一般,其他：,(空)
153,2025/4/1 22:59:34,81秒,微信,N/A,223.102.100.137(辽宁-鞍山),女,18岁以下,学生,3000元以下,1-3小时,略有了解,微信公众号┋小红书┋品牌宫网┋线下店铺┋社交媒体广告(如朋友圈广告),比较吸引,偶尔互动,点赞,比较好,价格较高┋环保可持续┋产品设计时尚┋广告／宣传设计时尚,一些,是,第三方电商平台（如天猫、京东）,(跳过),比较满意,创意和设计感,(空)
154,2025/4/1 23:20:54,126秒,微信,N/A,223.102.211.151(辽宁-本溪),男,18-25岁,其他,3000元以下,1-3小时,略有了解,微博┋小红书┋抖音/快手┋朋友推荐┋线下店铺┋社交媒体广告(如朋友圈广告),比较吸引,偶尔互动,点赞┋评论┋参与话题活动┋观看直播,比较好,高端户外品牌┋价格较高┋产品设计时尚┋广告／宣传设计时尚,很多,否,(跳过),价格过高┋不需要相关产品,非常满意,内容丰富度┋与用户互动性┋创意和设计感,(空)
155,2025/4/1 23:28:34,305秒,微信,N/A,218.2.119.202(江苏-南京),女,26-35岁,政府机关工作人员,3000-8000元,5小时以上,略有了解,线下店铺,一般,从未互动,私信交流┋观看直播,一般,高端户外品牌┋价格较高,较少,否,(跳过),不需要相关产品,一般,内容丰富度┋创意和设计感┋客户服务／售后服务,(空)
156,2025/4/2 0:34:54,120秒,微信,N/A,223.104.150.21(江苏-南京),女,26-35岁,其他,3000-8000元,1-3小时,不太了解,抖音/快手,一般,从未互动,点赞┋私信交流,一般,专业性强,一般,否,(跳过),产品信息不够清楚,一般,发布频率,无
157,2025/4/2 5:30:56,291秒,微信,N/A,223.102.212.213(辽宁-本溪),女,46岁及以上,自由职业者,3000元以下,1-3小时,略有了解,朋友推荐,一般,从未互动,观看直播,一般,高端户外品牌┋价格较高,一般,否,(跳过),价格过高┋品牌吸引力不足,一般,创意和设计感,(空)
158,2025/4/2 8:01:42,177秒,微信,N/A,120.204.150.218(上海-上海),男,36-45岁,企业职员,15000元以上,1-3小时,略有了解,小红书┋朋友推荐┋线下店铺,比较吸引,偶尔互动,点赞┋观看直播,一般,高端户外品牌┋专业性强┋价格较高,一些,是,线下专卖店┋朋友代购,(跳过),比较满意,信息实用性┋客户服务／售后服务,(空)
159,2025/4/2 9:43:38,151秒,微信,N/A,183.199.38.135(河北-保定),女,36-45岁,企业职员,15000元以上,少于1小时,略有了解,微博┋抖音/快手┋朋友推荐┋社交媒体广告(如朋友圈广告),一般,偶尔互动,点赞┋评论┋分享到个人社交圈┋私信交流┋观看直播,非常好,高端户外品牌┋价格较高┋产品设计时尚┋广告／宣传设计时尚,一些,是,第三方电商平台（如天猫、京东）┋朋友代购,(跳过),比较满意,内容丰富度┋信息实用性┋客户服务／售后服务,(跳过)
160,2025/4/2 9:46:34,120秒,微信,N/A,120.208.223.106(山西-忻州),男,18-25岁,自由职业者,3000-8000元,1-3小时,非常了解,微博┋抖音/快手┋朋友推荐┋社交媒体广告(如朋友圈广告),一般,经常互动(点赞、评论、分享等),评论┋分享到个人社交圈┋私信交流┋观看直播,非常好,高端户外品牌┋价格较高┋产品设计时尚┋广告／宣传设计时尚,一些,是,第三方电商平台（如天猫、京东）┋线下专卖店,(跳过),非常满意,内容丰富度┋与用户互动性┋发布频率,(跳过)
161,2025/4/2 9:47:47,153秒,微信,N/A,111.33.221.204(天津-天津),男,18岁以下,学生,3000元以下,5小时以上,略有了解,微博┋抖音/快手┋朋友推荐┋社交媒体广告(如朋友圈广告),比较吸引,经常互动(点赞、评论、分享等),点赞┋评论┋分享到个人社交圈┋私信交流┋观看直播,非常好,专业性强┋环保可持续┋产品设计时尚,一些,是,第三方电商平台（如天猫、京东）┋社交媒体平台链接／小程序,(跳过),一般,内容丰富度┋创意和设计感┋发布频率,(跳过)
162,2025/4/2 9:49:15,180秒,微信,N/A,115.239.41.88(浙江-嘉兴),女,36-45岁,企业职员,3000-8000元,3-5小时,非常了解,微信公众号┋小红书┋品牌宫网┋线下店铺,非常吸引,偶尔互动,点赞┋评论┋参与话题活动┋私信交流,非常好,专业性强┋环保可持续┋产品设计时尚,很多,是,第三方电商平台（如天猫、京东）┋社交媒体平台链接／小程序,(跳过),非常满意,与用户互动性┋信息实用性,(跳过)
163,2025/4/2 9:50:35,136秒,微信,N/A,14.212.58.0(广东-佛山),男,26-35岁,企业职员,3000-8000元,3-5小时,非常了解,微信公众号┋小红书┋抖音/快手┋线下店铺,比较吸引,经常互动(点赞、评论、分享等),点赞┋评论┋参与话题活动┋私信交流,比较好,专业性强┋环保可持续┋广告／宣传设计时尚,一些,是,(跳过),价格过高┋产品信息不够清楚,比较满意,与用户互动性┋信息实用性,(跳过)
164,2025/4/2 9:53:25,139秒,微信,N/A,27.28.44.32(湖北-宜昌),男,36-45岁,企业职员,3000-8000元,3-5小时,略有了解,微博┋抖音/快手┋朋友推荐┋社交媒体广告(如朋友圈广告),一般,偶尔互动,点赞┋评论┋参与话题活动┋观看直播,比较好,专业性强┋环保可持续┋产品设计时尚,一些,是,官方电商平台┋线下专卖店,(跳过),比较满意,内容丰富度┋创意和设计感┋客户服务／售后服务,(跳过)
165,2025/4/2 9:55:19,131秒,微信,N/A,39.130.92.8(云南-昆明),男,18-25岁,企业职员,3000-8000元,1-3小时,略有了解,微信公众号┋小红书┋抖音/快手┋朋友推荐┋社交媒体广告(如朋友圈广告),非常吸引,偶尔互动,点赞┋评论┋参与话题活动┋私信交流,非常好,专业性强┋价格较高┋产品设计时尚,一些,是,第三方电商平台（如天猫、京东）┋社交媒体平台链接／小程序,(跳过),非常满意,内容丰富度┋创意和设计感┋客户服务／售后服务,(跳过)
166,2025/4/2 9:56:58,112秒,微信,N/A,116.78.111.183(天津-天津),女,26-35岁,企业职员,3000-8000元,5小时以上,完全不了解,微博┋抖音/快手┋朋友推荐┋线下店铺,比较吸引,很少互动,点赞┋分享到个人社交圈┋参与话题活动┋观看直播,较差,高端户外品牌┋价格较高┋环保可持续┋广告／宣传设计时尚,完全没有,否,(跳过),价格过高┋产品信息不够清楚,不太满意,内容丰富度┋信息实用性┋客户服务／售后服务,(跳过)
167,2025/4/2 9:59:13,91秒,微信,N/A,223.73.85.5(广东-佛山),女,36-45岁,企业职员,3000-8000元,5小时以上,不太了解,微博┋小红书┋品牌宫网┋线下店铺,一般,从未互动,点赞┋评论┋分享到个人社交圈┋私信交流┋观看直播,较差,高端户外品牌┋价格较高┋环保可持续┋广告／宣传设计时尚,一些,否,官方电商平台┋线下专卖店,(跳过),不太满意,内容丰富度┋与用户互动性┋发布频率,(跳过)
168,2025/4/2 10:02:19,143秒,微信,N/A,110.231.183.192(河北-唐山),男,18-25岁,学生,3000元以下,1-3小时,完全不了解,微博┋小红书┋品牌宫网┋线下店铺,比较吸引,偶尔互动,点赞┋评论┋分享到个人社交圈┋私信交流┋观看直播,较差,高端户外品牌┋价格较高┋产品设计时尚,完全没有,否,第三方电商平台（如天猫、京东）┋朋友代购,(跳过),一般,内容丰富度┋创意和设计感┋发布频率,(跳过)
169,2025/4/2 10:04:53,110秒,微信,N/A,1.25.168.31(内蒙古-锡林郭勒),女,26-35岁,企业职员,3000-8000元,少于1小时,略有了解,微信公众号┋小红书┋抖音/快手┋线下店铺,一般,偶尔互动,评论┋分享到个人社交圈┋参与话题活动┋观看直播,非常好,高端户外品牌┋价格较高┋产品设计时尚┋广告／宣传设计时尚,一般,是,第三方电商平台（如天猫、京东）┋社交媒体平台链接／小程序,(跳过),比较满意,内容丰富度┋创意和设计感┋客户服务／售后服务,(跳过)
170,2025/4/2 10:07:43,130秒,微信,N/A,118.73.175.191(山西-临汾),女,18岁以下,学生,3000元以下,5小时以上,非常了解,微信公众号┋小红书┋抖音/快手┋线下店铺,非常吸引,经常互动(点赞、评论、分享等),点赞┋评论┋参与话题活动┋私信交流,非常好,专业性强┋价格较高┋产品设计时尚,很多,是,(跳过),价格过高┋品牌吸引力不足,非常满意,内容丰富度┋创意和设计感┋客户服务／售后服务,(跳过)
171,2025/4/2 10:08:58,184秒,微信,N/A,114.103.218.23(安徽-合肥),女,26-35岁,企业职员,8000-15000元,3-5小时,非常了解,小红书┋抖音/快手┋朋友推荐┋社交媒体广告(如朋友圈广告),比较吸引,经常互动(点赞、评论、分享等),点赞┋评论┋参与话题活动┋私信交流,比较好,高端户外品牌┋价格较高┋环保可持续┋广告／宣传设计时尚,一些,是,官方电商平台┋线下专卖店,(跳过),一般,与用户互动性┋信息实用性,(跳过)
172,2025/4/2 10:13:09,109秒,微信,N/A,180.114.76.22(江苏-无锡),女,18岁以下,学生,3000元以下,3-5小时,非常了解,微博┋抖音/快手┋朋友推荐┋社交媒体广告(如朋友圈广告),一般,经常互动(点赞、评论、分享等),评论┋分享到个人社交圈┋参与话题活动┋观看直播,非常好,高端户外品牌┋价格较高┋产品设计时尚,一般,是,(跳过),不需要相关产品┋购买流程不便捷,比较满意,与用户互动性┋信息实用性,(跳过)
173,2025/4/2 10:14:27,96秒,微信,N/A,58.101.89.33(浙江-杭州),女,18岁以下,学生,3000元以下,3-5小时,略有了解,微博┋抖音/快手┋朋友推荐┋社交媒体广告(如朋友圈广告),一般,很少互动,点赞┋分享到个人社交圈┋参与话题活动┋观看直播,较差,高端户外品牌┋价格较高┋产品设计时尚,完全没有,否,(跳过),价格过高┋品牌吸引力不足,不太满意,内容丰富度┋信息实用性┋客户服务／售后服务,(跳过)
174,2025/4/2 10:15:39,174秒,微信,N/A,124.91.204.165(浙江-绍兴),女,46岁及以上,企业职员,3000-8000元,少于1小时,非常了解,微博┋小红书┋品牌宫网┋线下店铺,比较吸引,经常互动(点赞、评论、分享等),点赞┋分享到个人社交圈┋参与话题活动┋观看直播,比较好,高端户外品牌┋价格较高┋产品设计时尚┋广告／宣传设计时尚,一些,是,第三方电商平台（如天猫、京东）,(跳过),比较满意,内容丰富度┋与用户互动性┋发布频率,(跳过)
175,2025/4/2 10:17:49,112秒,微信,N/A,117.152.89.107(湖北-武汉),男,26-35岁,企业职员,3000-8000元,5小时以上,非常了解,微信公众号┋小红书┋品牌宫网┋线下店铺,比较吸引,偶尔互动,点赞┋评论┋参与话题活动┋私信交流,比较好,高端户外品牌┋专业性强┋环保可持续┋广告／宣传设计时尚,很多,是,官方电商平台┋第三方电商平台（如天猫、京东）,(跳过),比较满意,与用户互动性┋信息实用性,(跳过)
176,2025/4/2 10:21:28,115秒,微信,N/A,221.207.146.155(黑龙江-哈尔滨),女,36-45岁,企业职员,3000-8000元,3-5小时,非常了解,小红书┋抖音/快手┋朋友推荐┋社交媒体广告(如朋友圈广告),非常吸引,偶尔互动,点赞┋评论┋参与话题活动┋私信交流,非常好,高端户外品牌┋价格较高┋产品设计时尚,很多,是,(跳过),品牌吸引力不足┋购买流程不便捷,非常满意,内容丰富度┋创意和设计感┋客户服务／售后服务,(跳过)
177,2025/4/2 10:22:59,163秒,微信,N/A,221.207.193.119(黑龙江-哈尔滨),女,18岁以下,学生,3000元以下,5小时以上,非常了解,微信公众号┋小红书┋品牌宫网┋线下店铺,非常吸引,经常互动(点赞、评论、分享等),点赞┋评论┋分享到个人社交圈┋私信交流┋观看直播,比较好,高端户外品牌┋价格较高┋产品设计时尚,一些,是,(跳过),价格过高┋品牌吸引力不足,非常满意,与用户互动性┋信息实用性,(跳过)
178,2025/4/2 10:24:51,107秒,微信,N/A,221.207.192.232(黑龙江-哈尔滨),男,18岁以下,学生,3000元以下,3-5小时,略有了解,微信公众号┋小红书┋抖音/快手┋线下店铺,非常吸引,偶尔互动,点赞┋评论┋参与话题活动┋私信交流,比较好,专业性强┋环保可持续┋产品设计时尚,一些,是,官方电商平台┋线下专卖店,(跳过),比较满意,内容丰富度┋创意和设计感┋客户服务／售后服务,(跳过)
179,2025/4/2 10:26:27,152秒,微信,N/A,101.68.35.243(浙江-杭州),男,46岁及以上,企业职员,3000-8000元,3-5小时,非常了解,微信公众号┋小红书┋品牌宫网┋线下店铺,非常吸引,经常互动(点赞、评论、分享等),评论┋分享到个人社交圈┋参与话题活动┋观看直播,非常好,高端户外品牌┋专业性强┋环保可持续┋广告／宣传设计时尚,一些,是,官方电商平台┋第三方电商平台（如天猫、京东）,(跳过),比较满意,与用户互动性┋信息实用性,(跳过)
180,2025/4/2 10:28:04,180秒,微信,N/A,39.65.117.160(山东-青岛),男,18-25岁,企业职员,3000-8000元,5小时以上,略有了解,微博┋小红书┋朋友推荐┋线下店铺,非常吸引,偶尔互动,点赞┋评论┋参与话题活动┋私信交流,非常好,专业性强┋环保可持续┋产品设计时尚,一些,是,(跳过),价格过高┋品牌吸引力不足,非常满意,内容丰富度┋创意和设计感┋发布频率,(跳过)
181,2025/4/2 10:29:38,114秒,微信,N/A,120.239.87.135(广东-江门),女,18-25岁,自由职业者,3000-8000元,5小时以上,略有了解,微博┋抖音/快手┋朋友推荐┋社交媒体广告(如朋友圈广告),完全不吸引,很少互动,评论┋分享到个人社交圈┋参与话题活动┋观看直播,较差,专业性强┋环保可持续┋广告／宣传设计时尚,一般,否,(跳过),不需要相关产品┋购买流程不便捷,非常不满意,与用户互动性┋信息实用性,(跳过)
182,2025/4/2 10:30:32,132秒,微信,N/A,61.141.155.205(广东-深圳),女,46岁及以上,其他,3000-8000元,1-3小时,非常了解,小红书┋抖音/快手┋朋友推荐┋社交媒体广告(如朋友圈广告),非常吸引,偶尔互动,点赞┋评论┋参与话题活动┋观看直播,非常好,高端户外品牌┋专业性强┋环保可持续┋广告／宣传设计时尚,很多,是,官方电商平台┋第三方电商平台（如天猫、京东）,(跳过),非常满意,内容丰富度┋创意和设计感┋客户服务／售后服务,(跳过)
183,2025/4/2 10:32:33,152秒,微信,N/A,110.231.202.150(河北-唐山),男,46岁及以上,企业职员,3000-8000元,少于1小时,略有了解,微博┋小红书┋品牌宫网┋线下店铺,比较吸引,偶尔互动,点赞┋分享到个人社交圈┋参与话题活动┋观看直播,一般,高端户外品牌┋价格较高┋产品设计时尚┋广告／宣传设计时尚,很多,是,第三方电商平台（如天猫、京东）┋朋友代购,(跳过),非常满意,与用户互动性┋信息实用性,(跳过)
184,2025/4/2 10:33:17,135秒,微信,N/A,223.167.18.3(上海-上海),男,46岁及以上,企业职员,3000-8000元,1-3小时,非常了解,微信公众号┋小红书┋抖音/快手┋线下店铺,非常吸引,经常互动(点赞、评论、分享等),评论┋分享到个人社交圈┋参与话题活动┋观看直播,非常好,高端户外品牌┋专业性强┋环保可持续┋广告／宣传设计时尚,很多,是,第三方电商平台（如天猫、京东）┋线下专卖店,(跳过),比较满意,内容丰富度┋与用户互动性┋发布频率,(跳过)
185,2025/4/2 10:34:55,103秒,微信,N/A,39.128.114.97(云南-楚雄),男,18岁以下,学生,3000元以下,1-3小时,不太了解,微信公众号┋小红书┋抖音/快手┋线下店铺,一般,从未互动,点赞┋评论┋参与话题活动┋私信交流,一般,高端户外品牌┋价格较高┋产品设计时尚,较少,否,第三方电商平台（如天猫、京东）┋社交媒体平台链接／小程序,(跳过),非常不满意,内容丰富度┋创意和设计感┋发布频率,(跳过)
186,2025/4/2 10:35:51,178秒,微信,N/A,182.47.218.212(山东-日照),男,26-35岁,政府机关工作人员,3000-8000元,1-3小时,非常了解,微信公众号┋小红书┋抖音/快手┋线下店铺,非常吸引,经常互动(点赞、评论、分享等),评论┋分享到个人社交圈┋参与话题活动┋观看直播,非常好,专业性强┋环保可持续┋广告／宣传设计时尚,很多,是,第三方电商平台（如天猫、京东）┋社交媒体平台链接／小程序,(跳过),一般,与用户互动性┋信息实用性,(跳过)
187,2025/4/2 10:36:38,114秒,微信,N/A,111.18.237.181(陕西-铜川),男,36-45岁,企业职员,3000-8000元,少于1小时,略有了解,微信公众号┋小红书┋抖音/快手┋朋友推荐┋社交媒体广告(如朋友圈广告),非常吸引,经常互动(点赞、评论、分享等),点赞┋评论┋参与话题活动┋观看直播,一般,高端户外品牌┋价格较高┋产品设计时尚,很多,是,第三方电商平台（如天猫、京东）┋线下专卖店,(跳过),一般,与用户互动性┋信息实用性,(跳过)
188,2025/4/2 10:37:20,144秒,微信,N/A,36.143.17.147(河北-石家庄),女,18-25岁,学生,3000元以下,3-5小时,略有了解,微博┋抖音/快手┋朋友推荐┋社交媒体广告(如朋友圈广告),一般,经常互动(点赞、评论、分享等),点赞┋评论┋参与话题活动┋观看直播,非常好,专业性强┋环保可持续┋广告／宣传设计时尚,很多,是,(跳过),价格过高┋产品信息不够清楚,非常满意,内容丰富度┋与用户互动性┋发布频率,(跳过)
189,2025/4/2 10:39:35,148秒,微信,N/A,221.211.201.205(黑龙江-大庆),女,36-45岁,自由职业者,3000-8000元,1-3小时,非常了解,微信公众号┋小红书┋抖音/快手┋线下店铺,比较吸引,偶尔互动,点赞┋评论┋参与话题活动┋私信交流,非常好,高端户外品牌┋专业性强┋环保可持续┋广告／宣传设计时尚,一些,是,官方电商平台┋线下专卖店,(跳过),比较满意,内容丰富度┋与用户互动性┋发布频率,(跳过)
190,2025/4/2 10:42:04,147秒,微信,N/A,59.39.212.179(广东-东莞),男,26-35岁,企业职员,15000元以上,1-3小时,完全不了解,微博┋小红书┋品牌宫网┋线下店铺,一般,很少互动,点赞┋评论┋参与话题活动┋私信交流┋观看直播,一般,高端户外品牌┋价格较高┋产品设计时尚┋广告／宣传设计时尚,一些,否,(跳过),价格过高┋产品信息不够清楚,非常不满意,内容丰富度┋创意和设计感┋客户服务／售后服务,(跳过)
191,2025/4/2 10:44:07,96秒,微信,N/A,39.190.120.16(浙江-台州),男,18-25岁,学生,3000元以下,5小时以上,略有了解,微信公众号┋小红书┋抖音/快手┋朋友推荐┋社交媒体广告(如朋友圈广告),比较吸引,偶尔互动,点赞┋评论┋分享到个人社交圈┋私信交流┋观看直播,比较好,专业性强┋环保可持续┋产品设计时尚,一些,是,(跳过),价格过高┋产品信息不够清楚,一般,与用户互动性┋信息实用性,(跳过)
192,2025/4/2 10:44:51,154秒,微信,N/A,182.47.76.14(山东-滨州),女,26-35岁,自由职业者,3000-8000元,1-3小时,略有了解,小红书┋抖音/快手┋朋友推荐┋社交媒体广告(如朋友圈广告),比较吸引,偶尔互动,点赞┋分享到个人社交圈┋参与话题活动┋观看直播,非常好,高端户外品牌┋价格较高┋产品设计时尚,一些,是,(跳过),价格过高┋产品信息不够清楚,非常满意,内容丰富度┋与用户互动性┋发布频率,(跳过)
193,2025/4/2 10:46:11,183秒,微信,N/A,116.20.32.76(广东-佛山),女,46岁及以上,企业职员,8000-15000元,3-5小时,完全不了解,微博┋抖音/快手┋朋友推荐┋线下店铺,完全不吸引,从未互动,点赞┋评论┋参与话题活动┋私信交流,较差,高端户外品牌┋专业性强┋环保可持续┋广告／宣传设计时尚,一般,否,第三方电商平台（如天猫、京东）┋社交媒体平台链接／小程序,(跳过),一般,内容丰富度┋与用户互动性┋发布频率,(跳过)
194,2025/4/2 10:47:25,98秒,微信,N/A,49.89.152.98(江苏-宿迁),女,18-25岁,学生,3000元以下,3-5小时,非常了解,微博┋抖音/快手┋朋友推荐┋社交媒体广告(如朋友圈广告),非常吸引,偶尔互动,点赞┋分享到个人社交圈┋参与话题活动┋观看直播,比较好,高端户外品牌┋价格较高┋环保可持续┋广告／宣传设计时尚,一些,是,(跳过),不需要相关产品┋产品信息不够清楚,非常满意,内容丰富度┋创意和设计感┋发布频率,(跳过)
195,2025/4/2 10:48:39,105秒,微信,N/A,39.128.81.116(云南-玉溪),女,46岁及以上,政府机关工作人员,3000-8000元,3-5小时,略有了解,微博┋小红书┋品牌宫网┋线下店铺,非常吸引,经常互动(点赞、评论、分享等),点赞┋评论┋分享到个人社交圈┋私信交流┋观看直播,比较好,高端户外品牌┋专业性强┋环保可持续┋广告／宣传设计时尚,很多,是,(跳过),不需要相关产品┋购买流程不便捷,非常满意,内容丰富度┋创意和设计感┋发布频率,(跳过)
196,2025/4/2 10:49:14,154秒,微信,N/A,223.79.247.33(山东-潍坊),女,46岁及以上,自由职业者,3000-8000元,1-3小时,非常了解,微博┋小红书┋品牌宫网┋线下店铺,非常吸引,经常互动(点赞、评论、分享等),评论┋分享到个人社交圈┋参与话题活动┋观看直播,一般,专业性强┋环保可持续┋产品设计时尚,一些,是,(跳过),不需要相关产品┋购买流程不便捷,比较满意,内容丰富度┋创意和设计感┋发布频率,(跳过)
197,2025/4/2 10:50:26,116秒,微信,N/A,36.132.188.62(黑龙江-双鸭山),女,26-35岁,其他,8000-15000元,3-5小时,非常了解,微博┋抖音/快手┋朋友推荐┋社交媒体广告(如朋友圈广告),非常吸引,经常互动(点赞、评论、分享等),点赞┋评论┋参与话题活动┋私信交流,非常好,专业性强┋环保可持续┋广告／宣传设计时尚,一些,是,第三方电商平台（如天猫、京东）┋社交媒体平台链接／小程序,(跳过),比较满意,与用户互动性┋信息实用性,(跳过)
198,2025/4/2 10:52:39,179秒,微信,N/A,120.230.116.180(广东-广州),男,18岁以下,学生,3000元以下,1-3小时,略有了解,微博┋抖音/快手┋朋友推荐┋社交媒体广告(如朋友圈广告),非常吸引,偶尔互动,评论┋分享到个人社交圈┋参与话题活动┋观看直播,比较好,高端户外品牌┋价格较高┋环保可持续┋广告／宣传设计时尚,很多,是,官方电商平台┋线下专卖店,(跳过),非常满意,与用户互动性┋信息实用性,(跳过)
199,2025/4/2 10:53:46,167秒,微信,N/A,182.87.215.184(江西-上饶),男,18-25岁,学生,3000元以下,3-5小时,略有了解,微信公众号┋小红书┋抖音/快手┋线下店铺,比较吸引,经常互动(点赞、评论、分享等),点赞┋评论┋分享到个人社交圈┋私信交流┋观看直播,比较好,专业性强┋环保可持续┋产品设计时尚,很多,是,官方电商平台┋第三方电商平台（如天猫、京东）,(跳过),比较满意,内容丰富度┋信息实用性┋客户服务／售后服务,(跳过)
200,2025/4/2 10:55:18,158秒,微信,N/A,221.210.255.225(黑龙江-鸡西),女,36-45岁,企业职员,3000-8000元,3-5小时,非常了解,微博┋抖音/快手┋朋友推荐┋社交媒体广告(如朋友圈广告),比较吸引,经常互动(点赞、评论、分享等),评论┋分享到个人社交圈┋参与话题活动┋观看直播,非常好,高端户外品牌┋价格较高┋产品设计时尚,很多,是,第三方电商平台（如天猫、京东）┋线下专卖店,(跳过),非常满意,内容丰富度┋信息实用性┋客户服务／售后服务,(跳过)
201,2025/4/2 10:57:25,168秒,微信,N/A,111.127.186.56(内蒙古-巴彦淖尔),男,18-25岁,企业职员,3000-8000元,3-5小时,完全不了解,微信公众号┋小红书┋品牌宫网┋线下店铺,不太吸引,很少互动,点赞┋评论┋分享到个人社交圈┋私信交流┋观看直播,非常差,专业性强┋环保可持续┋产品设计时尚,完全没有,否,(跳过),价格过高┋产品信息不够清楚,非常不满意,内容丰富度┋信息实用性┋客户服务／售后服务,(跳过)
202,2025/4/2 10:58:57,116秒,微信,N/A,49.88.127.69(江苏-连云港),男,36-45岁,企业职员,3000-8000元,3-5小时,非常了解,微博┋抖音/快手┋朋友推荐┋社交媒体广告(如朋友圈广告),一般,偶尔互动,点赞┋评论┋参与话题活动┋私信交流,一般,高端户外品牌┋专业性强┋环保可持续┋广告／宣传设计时尚,一些,是,第三方电商平台（如天猫、京东）┋朋友代购,(跳过),比较满意,与用户互动性┋信息实用性,(跳过)
203,2025/4/2 11:00:11,150秒,微信,N/A,112.13.40.252(浙江-温州),男,46岁及以上,政府机关工作人员,3000-8000元,5小时以上,略有了解,微博┋小红书┋品牌宫网┋线下店铺,非常吸引,经常互动(点赞、评论、分享等),评论┋分享到个人社交圈┋参与话题活动┋观看直播,非常好,高端户外品牌┋价格较高┋产品设计时尚,很多,是,(跳过),不需要相关产品┋购买流程不便捷,比较满意,内容丰富度┋与用户互动性┋发布频率,(跳过)
204,2025/4/2 11:01:52,129秒,微信,N/A,115.60.180.91(河南-郑州),男,46岁及以上,企业职员,3000-8000元,少于1小时,略有了解,微信公众号┋小红书┋抖音/快手┋线下店铺,比较吸引,经常互动(点赞、评论、分享等),点赞┋分享到个人社交圈┋参与话题活动┋观看直播,比较好,高端户外品牌┋价格较高┋环保可持续┋广告／宣传设计时尚,很多,是,官方电商平台┋线下专卖店,(跳过),比较满意,与用户互动性┋信息实用性,(跳过)
205,2025/4/2 11:04:20,115秒,微信,N/A,125.37.177.133(天津-天津),男,36-45岁,企业职员,3000-8000元,5小时以上,完全不了解,微信公众号┋小红书┋抖音/快手┋线下店铺,一般,很少互动,评论┋分享到个人社交圈┋参与话题活动┋观看直播,非常差,高端户外品牌┋价格较高┋产品设计时尚,一般,否,官方电商平台┋线下专卖店,(跳过),非常不满意,内容丰富度┋与用户互动性┋发布频率,(跳过)
206,2025/4/2 11:05:54,133秒,微信,N/A,112.231.204.140(山东-济南),男,46岁及以上,企业职员,3000-8000元,1-3小时,略有了解,微信公众号┋小红书┋抖音/快手┋线下店铺,一般,经常互动(点赞、评论、分享等),点赞┋评论┋参与话题活动┋观看直播,非常好,专业性强┋环保可持续┋产品设计时尚,很多,是,第三方电商平台（如天猫、京东）┋线下专卖店,(跳过),一般,内容丰富度┋与用户互动性┋发布频率,(跳过)
207,2025/4/2 11:07:23,149秒,微信,N/A,117.179.103.253(黑龙江-绥化),女,18-25岁,学生,3000元以下,3-5小时,略有了解,微博┋抖音/快手┋朋友推荐┋社交媒体广告(如朋友圈广告),非常吸引,偶尔互动,点赞┋评论┋参与话题活动┋观看直播,非常好,高端户外品牌┋价格较高┋产品设计时尚,一般,是,(跳过),价格过高┋品牌吸引力不足,比较满意,内容丰富度┋与用户互动性┋发布频率,(跳过)
208,2025/4/2 11:08:52,83秒,微信,N/A,220.249.9.62(北京-北京),女,26-35岁,政府机关工作人员,8000-15000元,5小时以上,略有了解,线下店铺,不太吸引,从未互动,点赞,比较好,高端户外品牌┋专业性强┋价格较高┋产品设计时尚,一般,否,(跳过),价格过高┋不需要相关产品┋产品信息不够清楚,一般,内容丰富度,(空)
209,2025/4/2 11:09:38,146秒,微信,N/A,115.60.31.253(河南-郑州),男,18-25岁,企业职员,3000-8000元,3-5小时,非常了解,微博┋小红书┋品牌宫网┋线下店铺,非常吸引,经常互动(点赞、评论、分享等),评论┋分享到个人社交圈┋参与话题活动┋观看直播,非常好,专业性强┋环保可持续┋产品设计时尚,很多,是,第三方电商平台（如天猫、京东）┋社交媒体平台链接／小程序,(跳过),一般,内容丰富度┋创意和设计感┋发布频率,(跳过)
210,2025/4/2 11:11:41,100秒,微信,N/A,113.7.29.198(黑龙江-佳木斯),男,18-25岁,企业职员,3000-8000元,1-3小时,非常了解,微博┋抖音/快手┋朋友推荐┋社交媒体广告(如朋友圈广告),非常吸引,偶尔互动,点赞┋评论┋分享到个人社交圈┋私信交流┋观看直播,非常好,高端户外品牌┋价格较高┋产品设计时尚,很多,是,第三方电商平台（如天猫、京东）┋线下专卖店,(跳过),非常满意,与用户互动性┋信息实用性,(跳过)
211,2025/4/2 11:13:35,149秒,微信,N/A,101.93.221.19(上海-上海),女,18岁以下,学生,3000元以下,少于1小时,非常了解,微博┋小红书┋品牌宫网┋线下店铺,非常吸引,经常互动(点赞、评论、分享等),点赞┋评论┋分享到个人社交圈┋私信交流┋观看直播,一般,高端户外品牌┋价格较高┋产品设计时尚,一些,是,官方电商平台┋第三方电商平台（如天猫、京东）,(跳过),非常满意,内容丰富度┋创意和设计感┋发布频率,(跳过)
212,2025/4/2 11:14:19,168秒,微信,N/A,49.89.56.207(江苏-宿迁),男,36-45岁,企业职员,3000-8000元,3-5小时,略有了解,微博┋小红书┋品牌宫网┋线下店铺,非常吸引,偶尔互动,点赞┋评论┋分享到个人社交圈┋私信交流┋观看直播,比较好,专业性强┋环保可持续┋广告／宣传设计时尚,很多,是,(跳过),价格过高┋品牌吸引力不足,比较满意,与用户互动性┋信息实用性,(跳过)
213,2025/4/2 11:16:39,162秒,微信,N/A,183.200.238.69(山西-吕梁),女,36-45岁,企业职员,3000-8000元,1-3小时,完全不了解,微博┋抖音/快手┋朋友推荐┋线下店铺,一般,很少互动,点赞┋评论┋参与话题活动┋私信交流,比较好,专业性强┋环保可持续┋产品设计时尚,一些,否,第三方电商平台（如天猫、京东）┋朋友代购,(跳过),一般,与用户互动性┋信息实用性,(跳过)
214,2025/4/2 11:18:23,106秒,微信,N/A,1.58.42.84(黑龙江-哈尔滨),女,46岁及以上,其他,15000元以上,少于1小时,非常了解,微博┋小红书┋品牌宫网┋线下店铺,非常吸引,经常互动(点赞、评论、分享等),点赞┋评论┋分享到个人社交圈┋私信交流┋观看直播,非常好,高端户外品牌┋价格较高┋环保可持续┋广告／宣传设计时尚,一般,是,第三方电商平台（如天猫、京东）┋线下专卖店,(跳过),比较满意,内容丰富度┋创意和设计感┋发布频率,(跳过)
215,2025/4/2 11:19:22,110秒,微信,N/A,112.122.176.11(安徽-淮北),女,36-45岁,企业职员,3000-8000元,3-5小时,略有了解,微信公众号┋小红书┋品牌宫网┋线下店铺,非常吸引,经常互动(点赞、评论、分享等),点赞┋评论┋参与话题活动┋私信交流,非常好,高端户外品牌┋价格较高┋产品设计时尚,很多,是,第三方电商平台（如天猫、京东）┋社交媒体平台链接／小程序,(跳过),非常满意,与用户互动性┋信息实用性,(跳过)
216,2025/4/2 11:21:24,156秒,微信,N/A,117.179.27.39(黑龙江-大兴安岭),女,36-45岁,企业职员,3000-8000元,3-5小时,非常了解,微博┋小红书┋品牌宫网┋线下店铺,比较吸引,经常互动(点赞、评论、分享等),点赞┋分享到个人社交圈┋参与话题活动┋观看直播,比较好,专业性强┋环保可持续┋广告／宣传设计时尚,很多,是,第三方电商平台（如天猫、京东）,(跳过),非常满意,内容丰富度┋与用户互动性┋发布频率,(跳过)
217,2025/4/2 11:22:51,124秒,微信,N/A,122.245.219.20(浙江-宁波),男,18岁以下,学生,3000元以下,1-3小时,非常了解,微博┋抖音/快手┋朋友推荐┋社交媒体广告(如朋友圈广告),比较吸引,偶尔互动,点赞┋评论┋参与话题活动┋私信交流,一般,高端户外品牌┋价格较高┋产品设计时尚,一些,是,官方电商平台┋线下专卖店,(跳过),非常满意,与用户互动性┋信息实用性,(跳过)
218,2025/4/2 11:24:40,127秒,微信,N/A,39.130.49.68(云南-昆明),女,18岁以下,学生,3000元以下,5小时以上,非常了解,微博┋小红书┋品牌宫网┋线下店铺,非常吸引,经常互动(点赞、评论、分享等),点赞┋评论┋分享到个人社交圈┋私信交流┋观看直播,比较好,高端户外品牌┋价格较高┋产品设计时尚,一些,是,第三方电商平台（如天猫、京东）┋朋友代购,(跳过),非常满意,内容丰富度┋创意和设计感┋客户服务／售后服务,(跳过)
219,2025/4/2 11:25:34,120秒,微信,N/A,223.90.254.239(河南-许昌),男,36-45岁,自由职业者,3000-8000元,1-3小时,非常了解,微信公众号┋小红书┋抖音/快手┋线下店铺┋社交媒体广告(如朋友圈广告),非常吸引,经常互动(点赞、评论、分享等),点赞┋评论┋参与话题活动┋私信交流,比较好,高端户外品牌┋价格较高┋环保可持续┋广告／宣传设计时尚,很多,是,(跳过),品牌吸引力不足┋购买流程不便捷,比较满意,与用户互动性┋信息实用性,(跳过)
220,2025/4/2 11:28:01,185秒,微信,N/A,60.218.235.15(黑龙江-双鸭山),女,18-25岁,企业职员,3000-8000元,3-5小时,略有了解,微信公众号┋小红书┋抖音/快手┋线下店铺,非常吸引,经常互动(点赞、评论、分享等),点赞┋评论┋分享到个人社交圈┋私信交流┋观看直播,非常好,高端户外品牌┋价格较高┋产品设计时尚,很多,是,第三方电商平台（如天猫、京东）┋朋友代购,(跳过),非常满意,与用户互动性┋信息实用性,(跳过)
221,2025/4/2 11:28:42,160秒,微信,N/A,125.113.250.71(浙江-金华),男,46岁及以上,企业职员,3000-8000元,3-5小时,略有了解,微博┋小红书┋品牌宫网┋线下店铺,非常吸引,偶尔互动,评论┋分享到个人社交圈┋参与话题活动┋观看直播,非常好,高端户外品牌┋价格较高┋环保可持续┋广告／宣传设计时尚,一些,是,官方电商平台┋第三方电商平台（如天猫、京东）,(跳过),比较满意,内容丰富度┋创意和设计感┋客户服务／售后服务,(跳过)
222,2025/4/2 11:29:22,178秒,微信,N/A,121.27.151.164(河北-邢台),女,26-35岁,企业职员,3000-8000元,3-5小时,不太了解,微信公众号┋小红书┋抖音/快手┋线下店铺,完全不吸引,从未互动,点赞┋评论┋分享到个人社交圈┋私信交流┋观看直播,较差,高端户外品牌┋价格较高┋环保可持续┋广告／宣传设计时尚,一般,否,(跳过),价格过高┋产品信息不够清楚,比较满意,与用户互动性┋信息实用性,(跳过)
223,2025/4/2 11:31:14,111秒,微信,N/A,120.243.46.179(安徽-亳州),男,46岁及以上,自由职业者,3000-8000元,5小时以上,非常了解,微博┋小红书┋品牌宫网┋线下店铺,非常吸引,经常互动(点赞、评论、分享等),点赞┋评论┋参与话题活动┋观看直播,非常好,高端户外品牌┋专业性强┋环保可持续┋广告／宣传设计时尚,一些,是,官方电商平台┋第三方电商平台（如天猫、京东）,(跳过),比较满意,内容丰富度┋创意和设计感┋发布频率,(跳过)
224,2025/4/2 11:32:30,106秒,微信,N/A,1.63.60.131(黑龙江-鸡西),男,18岁以下,学生,3000元以下,5小时以上,略有了解,微信公众号┋小红书┋抖音/快手┋线下店铺,比较吸引,经常互动(点赞、评论、分享等),点赞┋评论┋分享到个人社交圈┋私信交流┋观看直播,非常好,专业性强┋环保可持续┋产品设计时尚,一些,是,(跳过),价格过高┋产品信息不够清楚,比较满意,与用户互动性┋信息实用性,(跳过)
225,2025/4/2 11:33:18,128秒,微信,N/A,183.206.20.253(江苏-南京),女,26-35岁,其他,3000-8000元,1-3小时,非常了解,小红书┋抖音/快手┋朋友推荐┋社交媒体广告(如朋友圈广告),非常吸引,经常互动(点赞、评论、分享等),点赞┋评论┋参与话题活动┋私信交流,比较好,高端户外品牌┋价格较高┋产品设计时尚,一些,是,第三方电商平台（如天猫、京东）┋社交媒体平台链接／小程序,(跳过),非常满意,内容丰富度┋创意和设计感┋发布频率,(跳过)
226,2025/4/2 11:34:43,148秒,微信,N/A,120.244.235.81(北京-北京),女,46岁及以上,企业职员,3000-8000元,3-5小时,非常了解,微博┋抖音/快手┋朋友推荐┋社交媒体广告(如朋友圈广告),比较吸引,经常互动(点赞、评论、分享等),点赞┋分享到个人社交圈┋参与话题活动┋观看直播,非常好,高端户外品牌┋价格较高┋产品设计时尚┋广告／宣传设计时尚,一些,是,第三方电商平台（如天猫、京东）┋线下专卖店,(跳过),一般,内容丰富度┋创意和设计感┋发布频率,(跳过)
227,2025/4/2 11:35:48,168秒,微信,N/A,112.240.220.221(山东-菏泽),女,36-45岁,其他,8000-15000元,1-3小时,略有了解,微信公众号┋小红书┋抖音/快手┋线下店铺,非常吸引,经常互动(点赞、评论、分享等),点赞┋评论┋参与话题活动┋私信交流,比较好,专业性强┋环保可持续┋产品设计时尚,一般,是,(跳过),不需要相关产品┋产品信息不够清楚,比较满意,内容丰富度┋创意和设计感┋发布频率,(跳过)
228,2025/4/2 11:38:09,115秒,微信,N/A,183.200.125.44(山西-运城),男,46岁及以上,企业职员,3000-8000元,1-3小时,非常了解,微博┋抖音/快手┋朋友推荐┋线下店铺,非常吸引,偶尔互动,点赞┋评论┋参与话题活动┋观看直播,一般,高端户外品牌┋价格较高┋环保可持续┋广告／宣传设计时尚,一般,是,第三方电商平台（如天猫、京东）┋朋友代购,(跳过),非常满意,内容丰富度┋创意和设计感┋发布频率,(跳过)
229,2025/4/2 11:39:51,130秒,微信,N/A,113.2.34.211(黑龙江-齐齐哈尔),女,46岁及以上,企业职员,3000-8000元,3-5小时,完全不了解,微博┋小红书┋品牌宫网┋线下店铺,不太吸引,从未互动,点赞┋评论┋分享到个人社交圈┋私信交流┋观看直播,一般,高端户外品牌┋专业性强┋环保可持续┋广告／宣传设计时尚,完全没有,否,(跳过),不需要相关产品┋购买流程不便捷,比较满意,与用户互动性┋信息实用性,(跳过)
230,2025/4/2 11:42:20,114秒,微信,N/A,114.84.90.123(上海-上海),女,26-35岁,政府机关工作人员,3000-8000元,少于1小时,略有了解,微博┋抖音/快手┋朋友推荐┋社交媒体广告(如朋友圈广告),比较吸引,经常互动(点赞、评论、分享等),点赞┋评论┋参与话题活动┋私信交流,非常好,高端户外品牌┋价格较高┋产品设计时尚,很多,是,(跳过),不需要相关产品┋购买流程不便捷,比较满意,内容丰富度┋信息实用性┋客户服务／售后服务,(跳过)
231,2025/4/2 11:44:10,113秒,微信,N/A,27.214.244.40(山东-潍坊),男,26-35岁,企业职员,3000-8000元,3-5小时,非常了解,微博┋小红书┋品牌宫网┋线下店铺,非常吸引,经常互动(点赞、评论、分享等),评论┋分享到个人社交圈┋参与话题活动┋观看直播,非常好,高端户外品牌┋专业性强┋环保可持续┋广告／宣传设计时尚,很多,是,官方电商平台┋线下专卖店,(跳过),非常满意,与用户互动性┋信息实用性,(跳过)
232,2025/4/2 11:45:01,169秒,微信,N/A,120.86.238.226(广东-潮州),男,18岁以下,学生,3000元以下,少于1小时,非常了解,微信公众号┋小红书┋抖音/快手┋线下店铺,非常吸引,经常互动(点赞、评论、分享等),点赞┋评论┋分享到个人社交圈┋私信交流┋观看直播,一般,高端户外品牌┋价格较高┋产品设计时尚┋广告／宣传设计时尚,很多,是,(跳过),价格过高┋产品信息不够清楚,非常满意,内容丰富度┋与用户互动性┋发布频率,(跳过)
233,2025/4/2 11:46:58,131秒,微信,N/A,123.181.185.223(河北-唐山),男,18-25岁,其他,3000-8000元,少于1小时,略有了解,微信公众号┋小红书┋抖音/快手┋朋友推荐┋社交媒体广告(如朋友圈广告),比较吸引,经常互动(点赞、评论、分享等),点赞┋分享到个人社交圈┋参与话题活动┋观看直播,比较好,专业性强┋环保可持续┋广告／宣传设计时尚,一些,是,第三方电商平台（如天猫、京东）,(跳过),非常满意,与用户互动性┋信息实用性,(跳过)
234,2025/4/2 11:47:34,96秒,微信,N/A,120.244.43.122(北京-北京),男,26-35岁,企业职员,3000-8000元,3-5小时,非常了解,微博┋小红书┋品牌宫网┋线下店铺,比较吸引,偶尔互动,点赞┋评论┋参与话题活动┋观看直播,比较好,高端户外品牌┋专业性强┋环保可持续┋广告／宣传设计时尚,一些,是,官方电商平台┋线下专卖店,(跳过),比较满意,内容丰富度┋与用户互动性┋发布频率,(跳过)
235,2025/4/2 11:48:49,112秒,微信,N/A,171.44.122.181(湖北-十堰),男,46岁及以上,企业职员,3000-8000元,5小时以上,完全不了解,微博┋抖音/快手┋朋友推荐┋社交媒体广告(如朋友圈广告),一般,从未互动,点赞┋评论┋参与话题活动┋观看直播,一般,高端户外品牌┋价格较高┋产品设计时尚,一般,否,(跳过),价格过高┋品牌吸引力不足,非常不满意,内容丰富度┋与用户互动性┋发布频率,(跳过)
236,2025/4/2 11:51:17,112秒,微信,N/A,112.51.23.216(福建-福州),男,36-45岁,企业职员,3000-8000元,3-5小时,非常了解,微信公众号┋小红书┋抖音/快手┋线下店铺,比较吸引,偶尔互动,评论┋分享到个人社交圈┋参与话题活动┋观看直播,比较好,专业性强┋环保可持续┋广告／宣传设计时尚,一些,是,官方电商平台┋第三方电商平台（如天猫、京东）,(跳过),非常满意,内容丰富度┋与用户互动性┋发布频率,(跳过)
237,2025/4/2 11:52:01,157秒,微信,N/A,110.85.217.98(福建-漳州),男,18-25岁,自由职业者,3000-8000元,5小时以上,略有了解,微信公众号┋小红书┋抖音/快手┋朋友推荐┋社交媒体广告(如朋友圈广告),比较吸引,经常互动(点赞、评论、分享等),点赞┋评论┋参与话题活动┋私信交流,比较好,高端户外品牌┋价格较高┋环保可持续┋广告／宣传设计时尚,很多,是,第三方电商平台（如天猫、京东）┋朋友代购,(跳过),非常满意,内容丰富度┋创意和设计感┋发布频率,(跳过)
238,2025/4/2 11:52:39,120秒,微信,N/A,1.59.65.124(黑龙江-大庆),男,46岁及以上,政府机关工作人员,3000-8000元,1-3小时,非常了解,微博┋抖音/快手┋朋友推荐┋社交媒体广告(如朋友圈广告),比较吸引,偶尔互动,点赞┋评论┋参与话题活动┋观看直播,比较好,专业性强┋环保可持续┋广告／宣传设计时尚,一些,是,官方电商平台┋线下专卖店,(跳过),非常满意,与用户互动性┋信息实用性,(跳过)
239,2025/4/2 11:54:32,109秒,微信,N/A,120.235.177.221(广东-广州),男,18-25岁,政府机关工作人员,3000-8000元,3-5小时,不太了解,微信公众号┋小红书┋抖音/快手┋线下店铺,完全不吸引,从未互动,点赞┋评论┋参与话题活动┋私信交流,非常差,专业性强┋价格较高┋产品设计时尚,较少,否,第三方电商平台（如天猫、京东）,(跳过),非常不满意,与用户互动性┋信息实用性,(跳过)
240,2025/4/2 11:55:34,111秒,微信,N/A,114.99.192.11(安徽-滁州),男,36-45岁,企业职员,8000-15000元,5小时以上,完全不了解,微博┋小红书┋品牌宫网┋线下店铺,一般,从未互动,点赞┋评论┋参与话题活动┋私信交流,非常差,高端户外品牌┋价格较高┋产品设计时尚┋广告／宣传设计时尚,一些,否,第三方电商平台（如天猫、京东）┋线下专卖店,(跳过),非常不满意,与用户互动性┋信息实用性,(跳过)
241,2025/4/2 11:57:03,164秒,微信,N/A,111.35.255.24(山东-威海),女,46岁及以上,其他,8000-15000元,1-3小时,非常了解,微信公众号┋小红书┋品牌宫网┋线下店铺,非常吸引,偶尔互动,评论┋分享到个人社交圈┋参与话题活动┋观看直播,比较好,高端户外品牌┋价格较高┋产品设计时尚,一些,是,(跳过),不需要相关产品┋购买流程不便捷,比较满意,与用户互动性┋信息实用性,(跳过)
242,2025/4/2 11:58:22,92秒,微信,N/A,175.8.52.130(湖南-长沙),男,46岁及以上,企业职员,3000-8000元,1-3小时,完全不了解,微博┋小红书┋品牌宫网┋线下店铺,比较吸引,偶尔互动,点赞┋评论┋分享到个人社交圈┋私信交流┋观看直播,一般,专业性强┋环保可持续┋广告／宣传设计时尚,完全没有,否,第三方电商平台（如天猫、京东）┋朋友代购,(跳过),不太满意,内容丰富度┋创意和设计感┋发布频率,(跳过)
243,2025/4/2 12:00:15,146秒,微信,N/A,106.113.196.39(河北-石家庄),男,26-35岁,其他,15000元以上,3-5小时,不太了解,微信公众号┋小红书┋抖音/快手┋线下店铺,不太吸引,从未互动,点赞┋评论┋分享到个人社交圈┋私信交流┋观看直播,一般,专业性强┋环保可持续┋产品设计时尚,一些,否,第三方电商平台（如天猫、京东）┋线下专卖店,(跳过),不太满意,与用户互动性┋信息实用性,(跳过)
244,2025/4/2 12:01:38,110秒,微信,N/A,123.54.17.62(河南-商丘),女,18岁以下,学生,3000元以下,1-3小时,完全不了解,小红书┋抖音/快手┋朋友推荐┋社交媒体广告(如朋友圈广告),完全不吸引,从未互动,点赞┋评论┋参与话题活动┋私信交流,非常差,专业性强┋环保可持续┋产品设计时尚,较少,否,(跳过),品牌吸引力不足┋购买流程不便捷,不太满意,内容丰富度┋与用户互动性┋发布频率,(跳过)
245,2025/4/2 12:04:06,114秒,微信,N/A,219.140.28.132(湖北-武汉),女,18岁以下,学生,3000元以下,3-5小时,略有了解,微信公众号┋小红书┋抖音/快手┋线下店铺,非常吸引,偶尔互动,点赞┋分享到个人社交圈┋参与话题活动┋观看直播,比较好,高端户外品牌┋专业性强┋环保可持续┋广告／宣传设计时尚,很多,是,第三方电商平台（如天猫、京东）┋线下专卖店,(跳过),非常满意,与用户互动性┋信息实用性,(跳过)
246,2025/4/2 12:05:07,176秒,微信,N/A,123.54.31.250(河南-商丘),女,36-45岁,政府机关工作人员,3000-8000元,3-5小时,非常了解,微博┋小红书┋品牌宫网┋线下店铺,比较吸引,偶尔互动,点赞┋评论┋参与话题活动┋私信交流,非常好,专业性强┋环保可持续┋广告／宣传设计时尚,很多,是,第三方电商平台（如天猫、京东）┋朋友代购,(跳过),一般,内容丰富度┋创意和设计感┋客户服务／售后服务,(跳过)
247,2025/4/2 12:07:19,108秒,微信,N/A,119.178.161.116(山东-菏泽),女,18岁以下,学生,3000元以下,1-3小时,完全不了解,微信公众号┋小红书┋品牌宫网┋线下店铺,不太吸引,从未互动,点赞┋评论┋参与话题活动┋观看直播,一般,专业性强┋环保可持续┋广告／宣传设计时尚,完全没有,否,第三方电商平台（如天猫、京东）┋朋友代购,(跳过),一般,与用户互动性┋信息实用性,(跳过)
248,2025/4/2 12:09:17,115秒,微信,N/A,120.216.65.121(河南-驻马店),男,18-25岁,其他,3000-8000元,少于1小时,完全不了解,微博┋抖音/快手┋朋友推荐┋社交媒体广告(如朋友圈广告),一般,从未互动,点赞┋评论┋分享到个人社交圈┋私信交流┋观看直播,非常差,专业性强┋环保可持续┋广告／宣传设计时尚,较少,否,官方电商平台┋线下专卖店,(跳过),不太满意,内容丰富度┋与用户互动性┋发布频率,(跳过)
249,2025/4/2 12:10:09,119秒,微信,N/A,36.42.0.138(陕西-咸阳),女,36-45岁,自由职业者,3000-8000元,1-3小时,不太了解,微博┋小红书┋品牌宫网┋线下店铺,一般,很少互动,点赞┋评论┋参与话题活动┋观看直播,较差,专业性强┋环保可持续┋广告／宣传设计时尚,完全没有,否,(跳过),价格过高┋产品信息不够清楚,非常不满意,内容丰富度┋创意和设计感┋发布频率,(跳过)
250,2025/4/2 12:11:43,105秒,微信,N/A,61.141.244.229(广东-深圳),女,46岁及以上,企业职员,3000-8000元,5小时以上,非常了解,微博┋抖音/快手┋朋友推荐┋线下店铺,比较吸引,偶尔互动,点赞┋评论┋参与话题活动┋私信交流,非常好,高端户外品牌┋专业性强┋环保可持续┋广告／宣传设计时尚,很多,是,第三方电商平台（如天猫、京东）┋朋友代购,(跳过),比较满意,内容丰富度┋信息实用性┋客户服务／售后服务,(跳过)
251,2025/4/2 12:12:27,112秒,微信,N/A,116.169.26.89(四川-广安),男,36-45岁,企业职员,3000-8000元,1-3小时,略有了解,微博┋抖音/快手┋朋友推荐┋社交媒体广告(如朋友圈广告),非常吸引,经常互动(点赞、评论、分享等),点赞┋评论┋参与话题活动┋私信交流,比较好,专业性强┋环保可持续┋广告／宣传设计时尚,一些,是,官方电商平台┋第三方电商平台（如天猫、京东）,(跳过),比较满意,与用户互动性┋信息实用性,(跳过)
252,2025/4/2 12:14:27,182秒,微信,N/A,121.205.59.151(福建-泉州),女,18岁以下,学生,3000元以下,3-5小时,非常了解,微信公众号┋小红书┋品牌宫网┋线下店铺,比较吸引,经常互动(点赞、评论、分享等),评论┋分享到个人社交圈┋参与话题活动┋观看直播,比较好,专业性强┋环保可持续┋广告／宣传设计时尚,一些,是,(跳过),不需要相关产品┋购买流程不便捷,比较满意,内容丰富度┋信息实用性,(跳过)
253,2025/4/2 12:16:36,175秒,微信,N/A,183.44.251.219(广东-汕头),女,18岁以下,学生,3000元以下,5小时以上,完全不了解,微博┋抖音/快手┋朋友推荐┋社交媒体广告(如朋友圈广告),一般,从未互动,点赞┋评论┋分享到个人社交圈┋私信交流┋观看直播,较差,高端户外品牌┋价格较高┋产品设计时尚,较少,否,官方电商平台┋线下专卖店,(跳过),非常不满意,内容丰富度┋信息实用性┋客户服务／售后服务,(跳过)
254,2025/4/2 12:18:02,174秒,微信,N/A,183.199.223.139(河北-衡水),男,26-35岁,企业职员,3000-8000元,1-3小时,非常了解,微博┋抖音/快手┋朋友推荐┋社交媒体广告(如朋友圈广告),非常吸引,偶尔互动,点赞┋评论┋分享到个人社交圈┋私信交流┋观看直播,非常好,专业性强┋环保可持续┋广告／宣传设计时尚,很多,是,(跳过),不需要相关产品┋购买流程不便捷,比较满意,与用户互动性┋信息实用性,(跳过)
255,2025/4/2 12:20:13,169秒,微信,N/A,122.158.86.27(黑龙江-牡丹江),女,18岁以下,学生,3000元以下,1-3小时,略有了解,微信公众号┋小红书┋品牌宫网┋线下店铺,非常吸引,经常互动(点赞、评论、分享等),点赞┋评论┋参与话题活动┋观看直播,非常好,高端户外品牌┋专业性强┋环保可持续┋广告／宣传设计时尚,很多,是,官方电商平台┋线下专卖店,(跳过),非常满意,内容丰富度┋创意和设计感┋发布频率,(跳过)
256,2025/4/2 12:21:38,99秒,微信,N/A,120.206.201.172(江西-景德镇),女,46岁及以上,企业职员,3000-8000元,1-3小时,略有了解,微信公众号┋小红书┋品牌宫网┋线下店铺,非常吸引,偶尔互动,点赞┋评论┋分享到个人社交圈┋私信交流┋观看直播,非常好,专业性强┋环保可持续┋广告／宣传设计时尚,一些,是,第三方电商平台（如天猫、京东）┋线下专卖店,(跳过),一般,内容丰富度┋创意和设计感┋客户服务／售后服务,(跳过)
257,2025/4/2 12:23:51,161秒,微信,N/A,123.149.72.46(河南-郑州),女,36-45岁,其他,3000-8000元,3-5小时,略有了解,微信公众号┋小红书┋抖音/快手┋朋友推荐┋社交媒体广告(如朋友圈广告),比较吸引,经常互动(点赞、评论、分享等),点赞┋评论┋参与话题活动┋私信交流,非常好,高端户外品牌┋价格较高┋产品设计时尚,一些,是,官方电商平台┋线下专卖店,(跳过),非常满意,内容丰富度┋与用户互动性┋发布频率,(跳过)
258,2025/4/2 12:25:01,110秒,微信,N/A,171.126.250.152(山西-晋城),女,26-35岁,企业职员,3000-8000元,1-3小时,略有了解,微博┋小红书┋品牌宫网┋线下店铺,非常吸引,偶尔互动,点赞┋评论┋参与话题活动┋私信交流,一般,高端户外品牌┋价格较高┋产品设计时尚,一些,是,官方电商平台┋第三方电商平台（如天猫、京东）,(跳过),比较满意,内容丰富度┋创意和设计感┋发布频率,(跳过)
259,2025/4/2 12:26:51,114秒,微信,N/A,27.225.162.32(甘肃-酒泉),女,18-25岁,其他,3000-8000元,5小时以上,不太了解,小红书┋抖音/快手┋朋友推荐┋社交媒体广告(如朋友圈广告),完全不吸引,很少互动,点赞┋评论┋参与话题活动┋私信交流┋观看直播,较差,专业性强┋环保可持续┋广告／宣传设计时尚,完全没有,否,第三方电商平台（如天猫、京东）,(跳过),非常不满意,与用户互动性┋信息实用性,(跳过)
260,2025/4/2 12:27:23,101秒,微信,N/A,183.10.197.212(广东-潮州),男,46岁及以上,企业职员,3000-8000元,1-3小时,略有了解,微博┋小红书┋品牌宫网┋线下店铺,非常吸引,经常互动(点赞、评论、分享等),点赞┋评论┋参与话题活动┋私信交流,一般,专业性强┋环保可持续┋产品设计时尚,很多,是,第三方电商平台（如天猫、京东）┋社交媒体平台链接／小程序,(跳过),一般,内容丰富度┋信息实用性┋客户服务／售后服务,(跳过)
261,2025/4/2 12:28:47,152秒,微信,N/A,153.37.113.124(江苏-南通),女,18-25岁,学生,3000元以下,3-5小时,略有了解,微博┋抖音/快手┋朋友推荐┋社交媒体广告(如朋友圈广告),比较吸引,偶尔互动,点赞┋评论┋参与话题活动┋私信交流,比较好,专业性强┋环保可持续┋产品设计时尚,一些,是,第三方电商平台（如天猫、京东）┋线下专卖店,(跳过),一般,内容丰富度┋创意和设计感┋发布频率,(跳过)
262,2025/4/2 12:29:27,131秒,微信,N/A,112.99.102.17(黑龙江-七台河),女,18岁以下,学生,3000元以下,1-3小时,非常了解,微博┋抖音/快手┋朋友推荐┋社交媒体广告(如朋友圈广告),非常吸引,经常互动(点赞、评论、分享等),点赞┋分享到个人社交圈┋参与话题活动┋观看直播,比较好,专业性强┋环保可持续┋产品设计时尚,很多,是,第三方电商平台（如天猫、京东）┋朋友代购,(跳过),非常满意,内容丰富度┋创意和设计感┋客户服务／售后服务,(跳过)
263,2025/4/2 12:31:03,159秒,微信,N/A,120.245.29.143(北京-北京),女,26-35岁,企业职员,3000-8000元,少于1小时,非常了解,微信公众号┋小红书┋抖音/快手┋线下店铺,非常吸引,经常互动(点赞、评论、分享等),点赞┋评论┋参与话题活动┋私信交流┋观看直播,非常好,高端户外品牌┋价格较高┋产品设计时尚,很多,是,(跳过),价格过高┋产品信息不够清楚,非常满意,与用户互动性┋信息实用性,(跳过)
264,2025/4/2 12:32:11,147秒,微信,N/A,114.219.59.225(江苏-苏州),男,26-35岁,企业职员,3000-8000元,少于1小时,略有了解,微博┋抖音/快手┋朋友推荐┋社交媒体广告(如朋友圈广告),非常吸引,偶尔互动,点赞┋评论┋分享到个人社交圈┋私信交流┋观看直播,非常好,高端户外品牌┋价格较高┋产品设计时尚,很多,是,(跳过),品牌吸引力不足┋购买流程不便捷,非常满意,与用户互动性┋信息实用性,(跳过)
265,2025/4/2 12:34:04,123秒,微信,N/A,117.95.195.22(江苏-宿迁),男,36-45岁,企业职员,3000-8000元,5小时以上,非常了解,微博┋抖音/快手┋朋友推荐┋社交媒体广告(如朋友圈广告),比较吸引,偶尔互动,点赞┋评论┋分享到个人社交圈┋私信交流┋观看直播,非常好,专业性强┋环保可持续┋广告／宣传设计时尚,很多,是,(跳过),价格过高┋品牌吸引力不足,比较满意,与用户互动性┋信息实用性,(跳过)
266,2025/4/2 12:35:18,184秒,微信,N/A,39.154.68.82(内蒙古-乌海),女,46岁及以上,自由职业者,8000-15000元,1-3小时,不太了解,微博┋抖音/快手┋朋友推荐┋社交媒体广告(如朋友圈广告),不太吸引,偶尔互动,评论┋分享到个人社交圈┋参与话题活动┋观看直播,非常差,高端户外品牌┋价格较高┋产品设计时尚,一般,否,官方电商平台┋第三方电商平台（如天猫、京东）,(跳过),不太满意,内容丰富度┋与用户互动性┋发布频率,(跳过)
267,2025/4/2 12:36:47,104秒,微信,N/A,36.163.159.178(北京-北京),女,26-35岁,政府机关工作人员,3000-8000元,1-3小时,不太了解,微信公众号┋小红书┋品牌宫网┋线下店铺,完全不吸引,从未互动,点赞┋评论┋参与话题活动┋观看直播,一般,专业性强┋环保可持续┋广告／宣传设计时尚,较少,否,第三方电商平台（如天猫、京东）┋社交媒体平台链接／小程序,(跳过),不太满意,与用户互动性┋信息实用性,(跳过)
268,2025/4/2 12:38:48,134秒,微信,N/A,123.168.144.100(山东-济宁),女,46岁及以上,政府机关工作人员,3000-8000元,3-5小时,完全不了解,微博┋抖音/快手┋朋友推荐┋线下店铺,不太吸引,很少互动,评论┋分享到个人社交圈┋参与话题活动┋观看直播,一般,高端户外品牌┋价格较高┋产品设计时尚,较少,否,官方电商平台┋第三方电商平台（如天猫、京东）,(跳过),不太满意,与用户互动性┋信息实用性,(跳过)
269,2025/4/2 12:40:08,120秒,微信,N/A,120.224.144.216(山东-淄博),女,18-25岁,政府机关工作人员,3000-8000元,3-5小时,不太了解,微博┋小红书┋品牌宫网┋线下店铺,一般,从未互动,评论┋分享到个人社交圈┋参与话题活动┋观看直播,比较好,高端户外品牌┋价格较高┋环保可持续┋广告／宣传设计时尚,较少,否,第三方电商平台（如天猫、京东）┋朋友代购,(跳过),不太满意,内容丰富度┋与用户互动性┋发布频率,(跳过)
270,2025/4/2 12:41:24,178秒,微信,N/A,61.142.70.105(广东-中山),男,26-35岁,自由职业者,3000-8000元,1-3小时,略有了解,微信公众号┋小红书┋品牌宫网┋线下店铺,非常吸引,经常互动(点赞、评论、分享等),点赞┋评论┋分享到个人社交圈┋私信交流┋观看直播,比较好,高端户外品牌┋价格较高┋产品设计时尚┋广告／宣传设计时尚,很多,是,官方电商平台┋第三方电商平台（如天猫、京东）,(跳过),比较满意,内容丰富度┋与用户互动性┋发布频率,(跳过)
271,2025/4/2 12:42:28,158秒,微信,N/A,113.64.126.219(广东-梅州),女,18岁以下,学生,3000元以下,3-5小时,非常了解,微信公众号┋小红书┋抖音/快手┋线下店铺,比较吸引,经常互动(点赞、评论、分享等),点赞┋分享到个人社交圈┋参与话题活动┋观看直播,比较好,高端户外品牌┋价格较高┋环保可持续┋广告／宣传设计时尚,一些,是,(跳过),不需要相关产品┋购买流程不便捷,比较满意,与用户互动性┋信息实用性,(跳过)
272,2025/4/2 12:43:14,174秒,微信,N/A,111.41.35.10(黑龙江-大庆),女,18岁以下,学生,3000元以下,3-5小时,略有了解,微博┋小红书┋品牌宫网┋线下店铺,比较吸引,经常互动(点赞、评论、分享等),评论┋分享到个人社交圈┋参与话题活动┋观看直播,比较好,高端户外品牌┋价格较高┋产品设计时尚,很多,是,官方电商平台┋线下专卖店,(跳过),一般,与用户互动性┋信息实用性,(跳过)
273,2025/4/2 12:45:12,147秒,微信,N/A,39.190.183.79(浙江-嘉兴),女,26-35岁,企业职员,3000-8000元,5小时以上,不太了解,微信公众号┋小红书┋抖音/快手┋线下店铺,比较吸引,很少互动,点赞┋评论┋分享到个人社交圈┋私信交流┋观看直播,较差,专业性强┋环保可持续┋产品设计时尚,较少,否,第三方电商平台（如天猫、京东）┋朋友代购,(跳过),不太满意,与用户互动性┋信息实用性,(跳过)
274,2025/4/2 12:46:39,112秒,微信,N/A,120.36.88.191(福建-福州),女,26-35岁,企业职员,3000-8000元,5小时以上,非常了解,微博┋抖音/快手┋朋友推荐┋社交媒体广告(如朋友圈广告),非常吸引,偶尔互动,点赞┋评论┋分享到个人社交圈┋私信交流┋观看直播,比较好,高端户外品牌┋价格较高┋环保可持续┋广告／宣传设计时尚,很多,是,(跳过),价格过高┋品牌吸引力不足,比较满意,内容丰富度┋与用户互动性┋发布频率,(跳过)
275,2025/4/2 12:47:44,176秒,微信,N/A,125.89.57.55(广东-珠海),女,36-45岁,企业职员,3000-8000元,3-5小时,非常了解,微博┋抖音/快手┋朋友推荐┋线下店铺,非常吸引,经常互动(点赞、评论、分享等),点赞┋评论┋分享到个人社交圈┋私信交流┋观看直播,非常好,高端户外品牌┋价格较高┋产品设计时尚,一些,是,(跳过),价格过高┋产品信息不够清楚,非常满意,内容丰富度┋创意和设计感┋发布频率,(跳过)
276,2025/4/2 12:48:56,148秒,微信,N/A,36.159.185.138(安徽-亳州),女,18岁以下,学生,3000元以下,3-5小时,非常了解,微信公众号┋小红书┋抖音/快手┋线下店铺,比较吸引,偶尔互动,点赞┋评论┋参与话题活动┋私信交流,非常好,高端户外品牌┋价格较高┋环保可持续┋广告／宣传设计时尚,一些,是,第三方电商平台（如天猫、京东）┋朋友代购,(跳过),比较满意,内容丰富度┋信息实用性┋客户服务／售后服务,(跳过)
277,2025/4/2 12:51:02,176秒,微信,N/A,112.42.35.13(辽宁-大连),女,26-35岁,企业职员,3000-8000元,3-5小时,完全不了解,小红书┋抖音/快手┋朋友推荐┋社交媒体广告(如朋友圈广告),比较吸引,偶尔互动,评论┋分享到个人社交圈┋参与话题活动┋观看直播,较差,高端户外品牌┋价格较高┋产品设计时尚┋广告／宣传设计时尚,较少,否,第三方电商平台（如天猫、京东）┋社交媒体平台链接／小程序,(跳过),非常不满意,与用户互动性┋信息实用性,(跳过)
278,2025/4/2 12:52:56,151秒,微信,N/A,106.114.235.56(河北-石家庄),男,18-25岁,其他,3000-8000元,3-5小时,略有了解,微信公众号┋小红书┋抖音/快手┋朋友推荐┋社交媒体广告(如朋友圈广告),比较吸引,经常互动(点赞、评论、分享等),评论┋分享到个人社交圈┋参与话题活动┋观看直播,比较好,高端户外品牌┋价格较高┋产品设计时尚,很多,是,(跳过),价格过高┋产品信息不够清楚,比较满意,内容丰富度┋信息实用性┋客户服务／售后服务,(跳过)
279,2025/4/2 12:54:02,163秒,微信,N/A,36.163.167.222(北京-北京),男,18-25岁,企业职员,3000-8000元,3-5小时,略有了解,微博┋抖音/快手┋朋友推荐┋社交媒体广告(如朋友圈广告),非常吸引,偶尔互动,点赞┋评论┋分享到个人社交圈┋私信交流┋观看直播,非常好,高端户外品牌┋价格较高┋产品设计时尚,一般,是,(跳过),价格过高┋产品信息不够清楚,非常满意,与用户互动性┋信息实用性,(跳过)
280,2025/4/2 12:55:20,140秒,微信,N/A,120.225.222.90(山东-青岛),男,36-45岁,政府机关工作人员,3000-8000元,1-3小时,非常了解,微信公众号┋小红书┋抖音/快手┋线下店铺,非常吸引,经常互动(点赞、评论、分享等),点赞┋评论┋参与话题活动┋私信交流,比较好,高端户外品牌┋价格较高┋产品设计时尚,一些,是,(跳过),不需要相关产品┋购买流程不便捷,非常满意,内容丰富度┋创意和设计感┋发布频率,(跳过)
281,2025/4/2 12:57:00,90秒,微信,N/A,117.183.221.93(广西-桂林),男,46岁及以上,企业职员,3000-8000元,1-3小时,不太了解,微博┋小红书┋品牌宫网┋线下店铺,不太吸引,偶尔互动,点赞┋评论┋参与话题活动┋私信交流,非常差,专业性强┋环保可持续┋产品设计时尚,较少,否,官方电商平台┋第三方电商平台（如天猫、京东）,(跳过),一般,内容丰富度┋信息实用性┋客户服务／售后服务,(跳过)
282,2025/4/2 12:59:01,118秒,微信,N/A,36.163.172.226(北京-北京),男,18-25岁,企业职员,3000-8000元,3-5小时,非常了解,微信公众号┋小红书┋抖音/快手┋线下店铺,非常吸引,偶尔互动,点赞┋评论┋参与话题活动┋观看直播,比较好,高端户外品牌┋价格较高┋产品设计时尚┋广告／宣传设计时尚,很多,是,官方电商平台┋第三方电商平台（如天猫、京东）,(跳过),一般,内容丰富度┋信息实用性┋客户服务／售后服务,(跳过)
283,2025/4/2 13:01:00,166秒,微信,N/A,1.59.188.209(黑龙江-佳木斯),男,18-25岁,企业职员,3000-8000元,3-5小时,略有了解,微博┋小红书┋品牌宫网┋线下店铺,非常吸引,经常互动(点赞、评论、分享等),点赞┋评论┋分享到个人社交圈┋私信交流┋观看直播,一般,高端户外品牌┋价格较高┋产品设计时尚┋广告／宣传设计时尚,一些,是,官方电商平台┋第三方电商平台（如天猫、京东）,(跳过),非常满意,与用户互动性┋信息实用性,(跳过)
284,2025/4/2 13:02:16,132秒,微信,N/A,125.47.127.47(河南-郑州),女,18-25岁,自由职业者,3000-8000元,1-3小时,完全不了解,微博┋抖音/快手┋朋友推荐┋社交媒体广告(如朋友圈广告),不太吸引,很少互动,点赞┋评论┋参与话题活动┋私信交流,一般,高端户外品牌┋价格较高┋产品设计时尚,完全没有,否,(跳过),不需要相关产品┋购买流程不便捷,不太满意,与用户互动性┋信息实用性,(跳过)
285,2025/4/2 13:04:16,148秒,微信,N/A,120.242.58.77(安徽-滁州),男,18-25岁,企业职员,8000-15000元,5小时以上,略有了解,微信公众号┋小红书┋品牌宫网┋线下店铺,非常吸引,经常互动(点赞、评论、分享等),点赞┋分享到个人社交圈┋参与话题活动┋观看直播,比较好,专业性强┋环保可持续┋广告／宣传设计时尚,很多,是,(跳过),价格过高┋产品信息不够清楚,比较满意,内容丰富度┋与用户互动性┋发布频率,(跳过)
286,2025/4/2 13:06:13,107秒,微信,N/A,113.3.3.246(黑龙江-黑河),女,36-45岁,企业职员,3000-8000元,3-5小时,略有了解,微博┋小红书┋品牌宫网┋线下店铺,一般,偶尔互动,点赞┋分享到个人社交圈┋参与话题活动┋观看直播,比较好,高端户外品牌┋价格较高┋环保可持续┋广告／宣传设计时尚,很多,是,第三方电商平台（如天猫、京东）┋线下专卖店,(跳过),比较满意,内容丰富度┋信息实用性┋客户服务／售后服务,(跳过)
287,2025/4/2 13:08:27,175秒,微信,N/A,112.50.78.177(福建-漳州),男,36-45岁,政府机关工作人员,3000-8000元,1-3小时,略有了解,微信公众号┋小红书┋品牌宫网┋线下店铺,非常吸引,偶尔互动,点赞┋评论┋参与话题活动┋私信交流,比较好,高端户外品牌┋价格较高┋环保可持续┋广告／宣传设计时尚,一些,是,第三方电商平台（如天猫、京东）,(跳过),非常满意,内容丰富度┋创意和设计感┋客户服务／售后服务,(跳过)
288,2025/4/2 13:10:35,157秒,微信,N/A,121.227.69.195(江苏-苏州),女,18-25岁,自由职业者,3000-8000元,3-5小时,略有了解,微博┋小红书┋朋友推荐┋线下店铺,非常吸引,偶尔互动,点赞┋评论┋分享到个人社交圈┋私信交流┋观看直播,非常好,高端户外品牌┋价格较高┋产品设计时尚,很多,是,第三方电商平台（如天猫、京东）,(跳过),比较满意,与用户互动性┋信息实用性,(跳过)
289,2025/4/2 13:11:22,141秒,微信,N/A,121.236.27.223(江苏-苏州),男,18岁以下,学生,3000元以下,少于1小时,非常了解,微博┋抖音/快手┋朋友推荐┋线下店铺,比较吸引,经常互动(点赞、评论、分享等),点赞┋评论┋参与话题活动┋私信交流,比较好,高端户外品牌┋价格较高┋环保可持续┋广告／宣传设计时尚,一些,是,(跳过),品牌吸引力不足┋购买流程不便捷,一般,内容丰富度┋与用户互动性┋发布频率,(跳过)
290,2025/4/2 13:13:03,143秒,微信,N/A,60.163.48.111(浙江-嘉兴),女,36-45岁,政府机关工作人员,3000-8000元,1-3小时,略有了解,微博┋抖音/快手┋朋友推荐┋社交媒体广告(如朋友圈广告),比较吸引,偶尔互动,点赞┋评论┋参与话题活动┋观看直播,一般,专业性强┋环保可持续┋产品设计时尚,一些,是,官方电商平台┋第三方电商平台（如天猫、京东）,(跳过),一般,与用户互动性┋信息实用性,(跳过)
291,2025/4/2 13:14:08,131秒,微信,N/A,153.101.140.164(江苏-镇江),男,26-35岁,其他,15000元以上,1-3小时,非常了解,微信公众号┋小红书┋品牌宫网┋线下店铺,非常吸引,经常互动(点赞、评论、分享等),点赞┋分享到个人社交圈┋参与话题活动┋观看直播,比较好,高端户外品牌┋价格较高┋产品设计时尚┋广告／宣传设计时尚,很多,是,官方电商平台┋线下专卖店,(跳过),非常满意,与用户互动性┋信息实用性,(跳过)
292,2025/4/2 13:16:20,146秒,微信,N/A,116.209.53.235(湖北-仙桃),女,36-45岁,政府机关工作人员,3000-8000元,3-5小时,略有了解,微博┋小红书┋品牌宫网┋线下店铺,比较吸引,偶尔互动,点赞┋评论┋参与话题活动┋观看直播,比较好,高端户外品牌┋价格较高┋产品设计时尚,一些,是,官方电商平台┋线下专卖店,(跳过),比较满意,内容丰富度┋信息实用性┋客户服务／售后服务,(跳过)
293,2025/4/2 13:18:14,136秒,微信,N/A,121.239.69.185(江苏-苏州),男,26-35岁,自由职业者,3000-8000元,5小时以上,非常了解,微信公众号┋小红书┋抖音/快手┋线下店铺,比较吸引,经常互动(点赞、评论、分享等),点赞┋评论┋分享到个人社交圈┋私信交流┋观看直播,一般,专业性强┋环保可持续┋广告／宣传设计时尚,一些,是,(跳过),价格过高┋品牌吸引力不足,一般,与用户互动性┋信息实用性,(跳过)
294,2025/4/2 13:19:07,148秒,微信,N/A,36.163.178.117(北京-北京),男,18岁以下,学生,3000元以下,3-5小时,略有了解,微信公众号┋小红书┋品牌宫网┋线下店铺,非常吸引,经常互动(点赞、评论、分享等),点赞┋评论┋参与话题活动┋私信交流,比较好,高端户外品牌┋价格较高┋产品设计时尚,很多,是,第三方电商平台（如天猫、京东）┋社交媒体平台链接／小程序,(跳过),非常满意,与用户互动性┋信息实用性,(跳过)
295,2025/4/2 13:20:47,97秒,微信,N/A,27.39.157.83(广东-佛山),女,46岁及以上,政府机关工作人员,3000-8000元,1-3小时,略有了解,微博┋抖音/快手┋朋友推荐┋线下店铺,一般,经常互动(点赞、评论、分享等),点赞┋评论┋参与话题活动┋观看直播,非常好,专业性强┋环保可持续┋产品设计时尚,一般,是,(跳过),品牌吸引力不足,比较满意,与用户互动性┋信息实用性,(跳过)
296,2025/4/2 13:21:49,119秒,微信,N/A,111.9.205.69(四川-内江),男,18岁以下,学生,3000元以下,3-5小时,非常了解,微博┋抖音/快手┋朋友推荐┋社交媒体广告(如朋友圈广告),非常吸引,经常互动(点赞、评论、分享等),评论┋分享到个人社交圈┋参与话题活动┋观看直播,非常好,专业性强┋环保可持续┋广告／宣传设计时尚,一般,是,第三方电商平台（如天猫、京东）┋朋友代购,(跳过),比较满意,内容丰富度┋与用户互动性┋发布频率,(跳过)
297,2025/4/2 13:22:33,169秒,微信,N/A,111.34.5.153(山东-德州),女,36-45岁,企业职员,3000-8000元,3-5小时,非常了解,微博┋抖音/快手┋朋友推荐┋线下店铺,非常吸引,经常互动(点赞、评论、分享等),点赞┋评论┋分享到个人社交圈┋私信交流┋观看直播,非常好,高端户外品牌┋价格较高┋产品设计时尚,一般,是,第三方电商平台（如天猫、京东）┋社交媒体平台链接／小程序,(跳过),比较满意,与用户互动性┋信息实用性,(跳过)
298,2025/4/2 13:24:52,106秒,微信,N/A,171.8.222.185(河南-郑州),女,18-25岁,企业职员,3000-8000元,3-5小时,略有了解,微博┋小红书┋品牌宫网┋线下店铺,非常吸引,偶尔互动,点赞┋评论┋参与话题活动┋私信交流,非常好,高端户外品牌┋专业性强┋环保可持续┋广告／宣传设计时尚,很多,是,第三方电商平台（如天猫、京东）┋朋友代购,(跳过),非常满意,内容丰富度┋与用户互动性┋发布频率,(跳过)
299,2025/4/2 13:25:48,98秒,微信,N/A,111.162.185.153(天津-天津),女,18岁以下,学生,3000元以下,3-5小时,非常了解,微信公众号┋小红书┋抖音/快手┋线下店铺,比较吸引,偶尔互动,点赞┋评论┋参与话题活动┋私信交流,比较好,高端户外品牌┋价格较高┋产品设计时尚┋广告／宣传设计时尚,很多,是,第三方电商平台（如天猫、京东）,(跳过),非常满意,内容丰富度┋与用户互动性┋发布频率,(跳过)
300,2025/4/2 13:26:29,158秒,微信,N/A,111.19.28.97(陕西-西安),男,18岁以下,学生,3000元以下,少于1小时,完全不了解,微博┋抖音/快手┋朋友推荐┋线下店铺,一般,偶尔互动,点赞┋评论┋分享到个人社交圈┋私信交流┋观看直播,非常差,专业性强┋环保可持续┋广告／宣传设计时尚,完全没有,否,第三方电商平台（如天猫、京东）┋朋友代购,(跳过),不太满意,与用户互动性┋信息实用性,(跳过)
301,2025/4/2 13:28:20,114秒,微信,N/A,110.252.109.40(河北-沧州),男,26-35岁,企业职员,3000-8000元,3-5小时,非常了解,微信公众号┋小红书┋抖音/快手┋朋友推荐┋社交媒体广告(如朋友圈广告),非常吸引,经常互动(点赞、评论、分享等),点赞┋评论┋分享到个人社交圈┋私信交流┋观看直播,比较好,高端户外品牌┋价格较高┋产品设计时尚┋广告／宣传设计时尚,很多,是,第三方电商平台（如天猫、京东）┋线下专卖店,(跳过),比较满意,内容丰富度┋创意和设计感┋发布频率,(跳过)
302,2025/4/2 13:29:33,173秒,微信,N/A,111.19.48.44(陕西-咸阳),女,46岁及以上,企业职员,3000-8000元,5小时以上,略有了解,微博┋抖音/快手┋朋友推荐┋社交媒体广告(如朋友圈广告),比较吸引,经常互动(点赞、评论、分享等),点赞┋评论┋分享到个人社交圈┋私信交流┋观看直播,非常好,高端户外品牌┋价格较高┋环保可持续┋广告／宣传设计时尚,一些,是,第三方电商平台（如天猫、京东）┋社交媒体平台链接／小程序,(跳过),非常满意,内容丰富度┋创意和设计感┋客户服务／售后服务,(跳过)
303,2025/4/2 13:30:30,116秒,微信,N/A,125.77.90.151(福建-福州),女,18-25岁,其他,3000-8000元,3-5小时,非常了解,微博┋小红书┋品牌宫网┋线下店铺,非常吸引,经常互动(点赞、评论、分享等),点赞┋评论┋参与话题活动┋私信交流,比较好,专业性强┋环保可持续┋广告／宣传设计时尚,一些,是,官方电商平台┋第三方电商平台（如天猫、京东）,(跳过),非常满意,与用户互动性┋信息实用性,(跳过)
304,2025/4/2 13:31:04,114秒,微信,N/A,27.225.164.61(甘肃-酒泉),男,26-35岁,企业职员,3000-8000元,1-3小时,略有了解,微信公众号┋小红书┋抖音/快手┋朋友推荐┋社交媒体广告(如朋友圈广告),非常吸引,经常互动(点赞、评论、分享等),点赞┋分享到个人社交圈┋参与话题活动┋观看直播,一般,高端户外品牌┋价格较高┋环保可持续┋广告／宣传设计时尚,很多,是,官方电商平台┋第三方电商平台（如天猫、京东）,(跳过),非常满意,内容丰富度┋信息实用性┋客户服务／售后服务,(跳过)
305,2025/4/2 13:32:55,150秒,微信,N/A,140.250.239.153(山东-济宁),女,26-35岁,自由职业者,8000-15000元,1-3小时,非常了解,微信公众号┋小红书┋抖音/快手┋线下店铺┋社交媒体广告(如朋友圈广告),比较吸引,经常互动(点赞、评论、分享等),评论┋分享到个人社交圈┋参与话题活动┋观看直播,比较好,专业性强┋环保可持续┋广告／宣传设计时尚,很多,是,官方电商平台┋线下专卖店,(跳过),比较满意,内容丰富度┋创意和设计感┋发布频率,(跳过)
306,2025/4/2 13:34:11,137秒,微信,N/A,114.101.55.159(安徽-蚌埠),男,46岁及以上,自由职业者,3000-8000元,3-5小时,非常了解,微信公众号┋小红书┋抖音/快手┋朋友推荐┋社交媒体广告(如朋友圈广告),非常吸引,经常互动(点赞、评论、分享等),点赞┋评论┋分享到个人社交圈┋私信交流┋观看直播,一般,高端户外品牌┋专业性强┋环保可持续┋广告／宣传设计时尚,一些,是,官方电商平台┋第三方电商平台（如天猫、京东）,(跳过),比较满意,内容丰富度┋与用户互动性┋发布频率,(跳过)
307,2025/4/2 13:34:50,137秒,微信,N/A,60.180.63.251(浙江-温州),女,26-35岁,企业职员,3000-8000元,1-3小时,不太了解,小红书┋抖音/快手┋朋友推荐┋社交媒体广告(如朋友圈广告),不太吸引,偶尔互动,点赞┋评论┋分享到个人社交圈┋私信交流┋观看直播,较差,专业性强┋环保可持续┋广告／宣传设计时尚,一般,否,第三方电商平台（如天猫、京东）┋社交媒体平台链接／小程序,(跳过),一般,内容丰富度┋创意和设计感┋发布频率,(跳过)
308,2025/4/2 13:36:43,168秒,微信,N/A,219.156.80.37(河南-郑州),男,18-25岁,企业职员,3000-8000元,5小时以上,非常了解,微博┋小红书┋品牌宫网┋线下店铺,非常吸引,经常互动(点赞、评论、分享等),点赞┋评论┋参与话题活动┋私信交流,比较好,高端户外品牌┋价格较高┋产品设计时尚,一些,是,(跳过),价格过高┋产品信息不够清楚,比较满意,与用户互动性┋信息实用性,(跳过)
309,2025/4/2 13:38:11,92秒,微信,N/A,60.6.105.17(河北-邢台),男,46岁及以上,企业职员,15000元以上,1-3小时,略有了解,微博┋抖音/快手┋朋友推荐┋社交媒体广告(如朋友圈广告),非常吸引,偶尔互动,点赞┋评论┋分享到个人社交圈┋私信交流┋观看直播,比较好,高端户外品牌┋价格较高┋产品设计时尚,很多,是,(跳过),价格过高┋产品信息不够清楚,非常满意,与用户互动性┋信息实用性,(跳过)
310,2025/4/2 13:39:29,95秒,微信,N/A,117.173.169.108(四川-泸州),男,46岁及以上,企业职员,3000-8000元,1-3小时,略有了解,微博┋抖音/快手┋朋友推荐┋线下店铺,不太吸引,偶尔互动,点赞┋评论┋分享到个人社交圈┋私信交流┋观看直播,非常差,专业性强┋环保可持续┋产品设计时尚,一般,否,官方电商平台┋线下专卖店,(跳过),一般,与用户互动性┋信息实用性,(跳过)
311,2025/4/2 13:41:24,133秒,微信,N/A,183.209.181.183(江苏-徐州),男,46岁及以上,自由职业者,3000-8000元,少于1小时,略有了解,微博┋抖音/快手┋朋友推荐┋社交媒体广告(如朋友圈广告),比较吸引,偶尔互动,点赞┋评论┋参与话题活动┋观看直播,非常好,高端户外品牌┋价格较高┋产品设计时尚,一些,是,(跳过),不需要相关产品┋购买流程不便捷,比较满意,内容丰富度┋创意和设计感┋发布频率,(跳过)
312,2025/4/2 13:43:18,128秒,微信,N/A,183.209.70.225(江苏-南通),女,36-45岁,自由职业者,3000-8000元,5小时以上,非常了解,微博┋抖音/快手┋朋友推荐┋社交媒体广告(如朋友圈广告),非常吸引,经常互动(点赞、评论、分享等),评论┋分享到个人社交圈┋参与话题活动┋观看直播,一般,高端户外品牌┋价格较高┋产品设计时尚┋广告／宣传设计时尚,一些,是,第三方电商平台（如天猫、京东）┋朋友代购,(跳过),非常满意,内容丰富度┋与用户互动性┋发布频率,(跳过)
313,2025/4/2 13:45:12,170秒,微信,N/A,222.141.89.160(河南-鹤壁),男,18-25岁,自由职业者,3000-8000元,1-3小时,非常了解,微信公众号┋小红书┋品牌宫网┋线下店铺,非常吸引,偶尔互动,点赞┋评论┋分享到个人社交圈┋私信交流┋观看直播,比较好,专业性强┋环保可持续┋广告／宣传设计时尚,一些,是,(跳过),价格过高┋产品信息不够清楚,非常满意,内容丰富度┋创意和设计感┋客户服务／售后服务,(跳过)
314,2025/4/2 13:46:22,151秒,微信,N/A,58.46.30.232(湖南-娄底),男,36-45岁,企业职员,3000-8000元,1-3小时,略有了解,微博┋抖音/快手┋朋友推荐┋社交媒体广告(如朋友圈广告),比较吸引,经常互动(点赞、评论、分享等),点赞┋分享到个人社交圈┋参与话题活动┋观看直播,一般,高端户外品牌┋价格较高┋产品设计时尚,很多,是,(跳过),价格过高┋产品信息不够清楚,比较满意,与用户互动性┋信息实用性,(跳过)
315,2025/4/2 13:48:07,170秒,微信,N/A,120.229.149.48(广东-东莞),男,36-45岁,政府机关工作人员,3000-8000元,3-5小时,不太了解,微博┋抖音/快手┋朋友推荐┋线下店铺,一般,很少互动,点赞┋评论┋分享到个人社交圈┋私信交流┋观看直播,一般,高端户外品牌┋价格较高┋产品设计时尚┋广告／宣传设计时尚,完全没有,否,(跳过),价格过高┋产品信息不够清楚,非常不满意,内容丰富度┋创意和设计感┋发布频率,(跳过)
316,2025/4/2 13:49:42,110秒,微信,N/A,175.21.83.217(吉林-长春),男,26-35岁,自由职业者,15000元以上,3-5小时,完全不了解,微博┋小红书┋品牌宫网┋线下店铺,一般,很少互动,点赞┋评论┋分享到个人社交圈┋私信交流┋观看直播,较差,专业性强┋环保可持续┋广告／宣传设计时尚,完全没有,否,(跳过),不需要相关产品┋购买流程不便捷,非常不满意,内容丰富度┋创意和设计感┋客户服务／售后服务,(跳过)
317,2025/4/2 13:51:10,107秒,微信,N/A,39.163.213.175(河南-许昌),女,46岁及以上,自由职业者,3000-8000元,3-5小时,略有了解,微博┋抖音/快手┋朋友推荐┋社交媒体广告(如朋友圈广告),非常吸引,经常互动(点赞、评论、分享等),点赞┋评论┋分享到个人社交圈┋私信交流┋观看直播,非常好,专业性强┋环保可持续┋广告／宣传设计时尚,很多,是,第三方电商平台（如天猫、京东）,(跳过),非常满意,内容丰富度┋与用户互动性┋发布频率,(跳过)
318,2025/4/2 13:52:00,175秒,微信,N/A,111.121.15.143(贵州-贵阳),男,36-45岁,政府机关工作人员,3000-8000元,3-5小时,略有了解,微信公众号┋小红书┋品牌宫网┋线下店铺,非常吸引,经常互动(点赞、评论、分享等),点赞┋评论┋参与话题活动┋私信交流,比较好,高端户外品牌┋价格较高┋产品设计时尚┋广告／宣传设计时尚,一些,是,(跳过),价格过高┋产品信息不够清楚,非常满意,内容丰富度┋创意和设计感┋发布频率,(跳过)
319,2025/4/2 13:53:17,117秒,微信,N/A,223.74.22.46(广东-清远),男,46岁及以上,企业职员,3000-8000元,1-3小时,非常了解,微博┋小红书┋品牌宫网┋线下店铺,非常吸引,经常互动(点赞、评论、分享等),点赞┋分享到个人社交圈┋参与话题活动┋观看直播,非常好,高端户外品牌┋价格较高┋环保可持续┋广告／宣传设计时尚,一些,是,官方电商平台┋第三方电商平台（如天猫、京东）,(跳过),非常满意,与用户互动性┋信息实用性,(跳过)
320,2025/4/2 13:54:14,119秒,微信,N/A,117.152.220.184(湖北-武汉),女,26-35岁,企业职员,3000-8000元,3-5小时,略有了解,微博┋抖音/快手┋朋友推荐┋社交媒体广告(如朋友圈广告),不太吸引,很少互动,点赞┋评论┋参与话题活动┋观看直播,比较好,专业性强┋价格较高┋产品设计时尚,一般,是,第三方电商平台（如天猫、京东）┋朋友代购,(跳过),不太满意,内容丰富度┋创意和设计感┋发布频率,(跳过)
321,2025/4/2 13:55:07,121秒,微信,N/A,221.211.1.9(黑龙江-鸡西),女,46岁及以上,企业职员,3000-8000元,3-5小时,非常了解,微信公众号┋小红书┋品牌宫网┋线下店铺,比较吸引,偶尔互动,点赞┋评论┋参与话题活动┋私信交流┋观看直播,一般,专业性强┋环保可持续┋广告／宣传设计时尚,一些,是,第三方电商平台（如天猫、京东）┋社交媒体平台链接／小程序,(跳过),非常满意,内容丰富度┋与用户互动性┋发布频率,(跳过)
322,2025/4/2 13:56:33,138秒,微信,N/A,183.212.113.239(江苏-徐州),男,46岁及以上,企业职员,3000-8000元,1-3小时,不太了解,微博┋小红书┋品牌宫网┋线下店铺,不太吸引,从未互动,点赞┋评论┋参与话题活动┋观看直播,较差,高端户外品牌┋专业性强┋环保可持续┋广告／宣传设计时尚,一些,否,第三方电商平台（如天猫、京东）┋社交媒体平台链接／小程序,(跳过),非常不满意,内容丰富度┋与用户互动性┋发布频率,(跳过)
323,2025/4/2 13:57:53,98秒,微信,N/A,180.233.88.57(福建-厦门),男,18岁以下,学生,3000元以下,5小时以上,非常了解,微博┋小红书┋品牌宫网┋线下店铺,非常吸引,经常互动(点赞、评论、分享等),评论┋分享到个人社交圈┋参与话题活动┋观看直播,非常好,高端户外品牌┋价格较高┋环保可持续┋广告／宣传设计时尚,一些,是,第三方电商平台（如天猫、京东）┋社交媒体平台链接／小程序,(跳过),非常满意,内容丰富度┋创意和设计感┋客户服务／售后服务,(跳过)
324,2025/4/2 13:59:59,180秒,微信,N/A,120.235.55.217(广东-东莞),女,18岁以下,学生,3000元以下,少于1小时,略有了解,微信公众号┋小红书┋品牌宫网┋线下店铺,一般,经常互动(点赞、评论、分享等),点赞┋评论┋参与话题活动┋私信交流,非常好,高端户外品牌┋价格较高┋产品设计时尚,一些,是,第三方电商平台（如天猫、京东）┋朋友代购,(跳过),非常满意,内容丰富度┋信息实用性┋客户服务／售后服务,(跳过)
325,2025/4/2 14:01:47,175秒,微信,N/A,119.177.41.193(山东-潍坊),女,36-45岁,政府机关工作人员,3000-8000元,少于1小时,非常了解,微信公众号┋小红书┋品牌宫网┋线下店铺,非常吸引,经常互动(点赞、评论、分享等),点赞┋评论┋参与话题活动┋私信交流,非常好,专业性强┋环保可持续┋产品设计时尚,很多,是,第三方电商平台（如天猫、京东）┋线下专卖店,(跳过),比较满意,内容丰富度┋创意和设计感┋客户服务／售后服务,(跳过)
326,2025/4/2 14:02:40,133秒,微信,N/A,117.37.51.14(陕西-咸阳),女,26-35岁,其他,3000-8000元,1-3小时,非常了解,微博┋抖音/快手┋朋友推荐┋社交媒体广告(如朋友圈广告),非常吸引,经常互动(点赞、评论、分享等),点赞┋评论┋分享到个人社交圈┋私信交流┋观看直播,非常好,专业性强┋价格较高┋产品设计时尚,很多,是,官方电商平台┋线下专卖店,(跳过),比较满意,内容丰富度┋创意和设计感┋客户服务／售后服务,(跳过)
327,2025/4/2 14:03:54,161秒,微信,N/A,112.2.201.52(江苏-淮安),男,36-45岁,企业职员,3000-8000元,1-3小时,略有了解,微博┋抖音/快手┋朋友推荐┋社交媒体广告(如朋友圈广告),非常吸引,经常互动(点赞、评论、分享等),评论┋分享到个人社交圈┋私信交流┋观看直播,比较好,高端户外品牌┋价格较高┋产品设计时尚,很多,是,(跳过),价格过高┋产品信息不够清楚,一般,内容丰富度┋创意和设计感┋客户服务／售后服务,(跳过)
328,2025/4/2 14:06:22,173秒,微信,N/A,112.8.134.11(山东-淄博),女,18岁以下,学生,3000元以下,3-5小时,非常了解,微信公众号┋小红书┋抖音/快手┋朋友推荐┋社交媒体广告(如朋友圈广告),非常吸引,经常互动(点赞、评论、分享等),点赞┋评论┋分享到个人社交圈┋私信交流┋观看直播,非常好,高端户外品牌┋价格较高┋产品设计时尚,一些,是,官方电商平台┋线下专卖店,(跳过),比较满意,与用户互动性┋信息实用性,(跳过)
329,2025/4/2 14:08:33,113秒,微信,N/A,101.68.189.169(浙江-嘉兴),女,26-35岁,企业职员,3000-8000元,3-5小时,完全不了解,微信公众号┋小红书┋抖音/快手┋线下店铺,完全不吸引,很少互动,点赞┋评论┋分享到个人社交圈┋私信交流┋观看直播,较差,专业性强┋环保可持续┋广告／宣传设计时尚,完全没有,否,(跳过),不需要相关产品┋购买流程不便捷,一般,与用户互动性┋信息实用性,(跳过)
330,2025/4/2 14:10:51,118秒,微信,N/A,39.171.211.106(浙江-绍兴),男,46岁及以上,政府机关工作人员,3000-8000元,3-5小时,略有了解,微博┋抖音/快手┋朋友推荐┋社交媒体广告(如朋友圈广告),非常吸引,偶尔互动,点赞┋评论┋分享到个人社交圈┋私信交流┋观看直播,非常好,高端户外品牌┋价格较高┋产品设计时尚┋广告／宣传设计时尚,一般,是,(跳过),不需要相关产品┋购买流程不便捷,一般,内容丰富度┋创意和设计感┋客户服务／售后服务,(跳过)
331,2025/4/2 14:12:08,177秒,微信,N/A,223.89.70.172(河南-三门峡),男,18岁以下,学生,3000元以下,3-5小时,略有了解,微博┋小红书┋品牌宫网┋线下店铺,非常吸引,经常互动(点赞、评论、分享等),点赞┋分享到个人社交圈┋参与话题活动┋观看直播,一般,专业性强┋环保可持续┋产品设计时尚,很多,是,官方电商平台┋线下专卖店,(跳过),比较满意,内容丰富度┋信息实用性┋客户服务／售后服务,(跳过)
332,2025/4/2 14:12:43,133秒,微信,N/A,61.54.21.235(河南-洛阳),男,36-45岁,企业职员,3000-8000元,1-3小时,非常了解,微博┋抖音/快手┋朋友推荐┋线下店铺,比较吸引,偶尔互动,点赞┋评论┋分享到个人社交圈┋私信交流┋观看直播,非常好,专业性强┋价格较高┋产品设计时尚,很多,是,官方电商平台┋线下专卖店,(跳过),非常满意,内容丰富度┋与用户互动性┋发布频率,(跳过)
333,2025/4/2 14:14:54,105秒,微信,N/A,117.182.205.159(广西-玉林),男,36-45岁,企业职员,3000-8000元,3-5小时,不太了解,微博┋小红书┋品牌宫网┋线下店铺,比较吸引,很少互动,点赞┋评论┋参与话题活动┋私信交流,非常差,专业性强┋价格较高┋产品设计时尚,完全没有,否,(跳过),价格过高┋产品信息不够清楚,一般,与用户互动性┋信息实用性,(跳过)
334,2025/4/2 14:15:29,178秒,微信,N/A,121.29.160.229(河北-石家庄),女,18岁以下,学生,3000元以下,3-5小时,不太了解,微博┋小红书┋朋友推荐┋线下店铺,一般,很少互动,点赞┋评论┋参与话题活动┋观看直播,一般,专业性强┋环保可持续┋广告／宣传设计时尚,较少,否,官方电商平台┋线下专卖店,(跳过),不太满意,与用户互动性┋信息实用性,(跳过)
335,2025/4/2 14:16:05,102秒,微信,N/A,183.156.108.0(浙江-杭州),女,36-45岁,其他,3000-8000元,1-3小时,略有了解,微博┋抖音/快手┋朋友推荐┋社交媒体广告(如朋友圈广告),非常吸引,偶尔互动,评论┋分享到个人社交圈┋参与话题活动┋观看直播,比较好,高端户外品牌┋价格较高┋产品设计时尚┋广告／宣传设计时尚,很多,是,(跳过),价格过高┋产品信息不够清楚,比较满意,内容丰富度┋创意和设计感┋客户服务／售后服务,(跳过)
336,2025/4/2 14:16:55,123秒,微信,N/A,123.145.40.239(重庆-重庆),女,26-35岁,其他,3000-8000元,1-3小时,不太了解,微信公众号┋小红书┋抖音/快手┋线下店铺,不太吸引,从未互动,点赞┋评论┋分享到个人社交圈┋私信交流┋观看直播,较差,专业性强┋环保可持续┋广告／宣传设计时尚,完全没有,否,(跳过),价格过高┋产品信息不够清楚,非常不满意,与用户互动性┋信息实用性,(跳过)
337,2025/4/2 14:17:54,92秒,微信,N/A,220.248.67.30(上海-上海),男,36-45岁,政府机关工作人员,3000-8000元,1-3小时,非常了解,微博┋小红书┋品牌宫网┋线下店铺,比较吸引,偶尔互动,点赞┋评论┋分享到个人社交圈┋私信交流┋观看直播,非常好,专业性强┋环保可持续┋广告／宣传设计时尚,很多,是,官方电商平台┋线下专卖店,(跳过),非常满意,内容丰富度┋信息实用性┋客户服务／售后服务,(跳过)
338,2025/4/2 14:18:31,132秒,微信,N/A,42.101.196.194(黑龙江-双鸭山),女,36-45岁,企业职员,3000-8000元,3-5小时,不太了解,微博┋抖音/快手┋朋友推荐┋社交媒体广告(如朋友圈广告),一般,从未互动,点赞┋评论┋参与话题活动┋私信交流,一般,高端户外品牌┋价格较高┋环保可持续┋广告／宣传设计时尚,完全没有,否,官方电商平台┋线下专卖店,(跳过),不太满意,内容丰富度┋信息实用性┋客户服务／售后服务,(跳过)
339,2025/4/2 14:20:10,153秒,微信,N/A,27.151.238.254(福建-泉州),男,18-25岁,企业职员,3000-8000元,少于1小时,略有了解,微博┋抖音/快手┋朋友推荐┋社交媒体广告(如朋友圈广告),一般,偶尔互动,点赞┋评论┋分享到个人社交圈┋私信交流┋观看直播,一般,专业性强┋价格较高┋产品设计时尚,一些,是,第三方电商平台（如天猫、京东）┋社交媒体平台链接／小程序,(跳过),一般,与用户互动性┋信息实用性,(跳过)
340,2025/4/2 14:22:17,169秒,微信,N/A,60.7.192.105(河北-秦皇岛),女,18-25岁,企业职员,3000-8000元,3-5小时,略有了解,微博┋抖音/快手┋朋友推荐┋线下店铺,非常吸引,偶尔互动,评论┋分享到个人社交圈┋私信交流┋观看直播,比较好,高端户外品牌┋价格较高┋产品设计时尚,一些,是,(跳过),不需要相关产品┋购买流程不便捷,非常满意,内容丰富度┋创意和设计感┋发布频率,(跳过)
341,2025/4/2 14:23:18,98秒,微信,N/A,1.194.56.51(河南-开封),女,18-25岁,其他,3000-8000元,3-5小时,不太了解,微博┋抖音/快手┋朋友推荐┋社交媒体广告(如朋友圈广告),完全不吸引,偶尔互动,点赞┋评论┋参与话题活动┋私信交流,非常差,专业性强┋环保可持续┋产品设计时尚,一般,否,(跳过),价格过高┋产品信息不够清楚,不太满意,内容丰富度┋与用户互动性┋发布频率,(跳过)
342,2025/4/2 14:25:14,174秒,微信,N/A,221.234.131.137(湖北-武汉),女,36-45岁,企业职员,3000-8000元,少于1小时,非常了解,微博┋小红书┋品牌宫网┋线下店铺,非常吸引,经常互动(点赞、评论、分享等),点赞┋评论┋参与话题活动┋私信交流,一般,高端户外品牌┋价格较高┋产品设计时尚,一些,是,官方电商平台┋第三方电商平台（如天猫、京东）,(跳过),比较满意,内容丰富度┋信息实用性┋客户服务／售后服务,(跳过)
343,2025/4/2 14:27:38,164秒,微信,N/A,163.125.220.144(广东-深圳),女,18岁以下,学生,3000元以下,1-3小时,不太了解,微信公众号┋小红书┋抖音/快手┋朋友推荐┋社交媒体广告(如朋友圈广告),不太吸引,很少互动,点赞┋评论┋参与话题活动┋私信交流,非常差,高端户外品牌┋价格较高┋环保可持续┋广告／宣传设计时尚,一般,否,官方电商平台┋线下专卖店,(跳过),一般,与用户互动性┋信息实用性,(跳过)
344,2025/4/2 14:29:18,121秒,微信,N/A,123.138.186.249(陕西-西安),女,36-45岁,政府机关工作人员,3000-8000元,1-3小时,略有了解,微信公众号┋小红书┋抖音/快手┋线下店铺,一般,经常互动(点赞、评论、分享等),点赞┋评论┋分享到个人社交圈┋私信交流┋观看直播,非常好,高端户外品牌┋专业性强┋环保可持续┋广告／宣传设计时尚,一般,是,官方电商平台┋线下专卖店,(跳过),比较满意,内容丰富度┋与用户互动性┋发布频率,(跳过)
345,2025/4/2 14:30:16,124秒,微信,N/A,113.68.239.2(广东-广州),男,18-25岁,学生,3000元以下,1-3小时,略有了解,微博┋抖音/快手┋朋友推荐┋线下店铺,非常吸引,经常互动(点赞、评论、分享等),点赞┋评论┋参与话题活动┋私信交流,比较好,高端户外品牌┋价格较高┋产品设计时尚,很多,是,第三方电商平台（如天猫、京东）┋社交媒体平台链接／小程序,(跳过),非常满意,内容丰富度┋信息实用性┋客户服务／售后服务,(跳过)
346,2025/4/2 14:32:25,120秒,微信,N/A,39.149.224.201(河南-信阳),男,18-25岁,企业职员,15000元以上,5小时以上,略有了解,微博┋抖音/快手┋朋友推荐┋社交媒体广告(如朋友圈广告),非常吸引,偶尔互动,评论┋分享到个人社交圈┋参与话题活动┋观看直播,非常好,高端户外品牌┋价格较高┋产品设计时尚,一般,是,第三方电商平台（如天猫、京东）┋线下专卖店,(跳过),非常满意,与用户互动性┋信息实用性,(跳过)
347,2025/4/2 14:32:58,136秒,微信,N/A,218.63.91.187(云南-昆明),女,36-45岁,企业职员,3000-8000元,1-3小时,非常了解,微博┋抖音/快手┋朋友推荐┋社交媒体广告(如朋友圈广告),一般,经常互动(点赞、评论、分享等),点赞┋评论┋参与话题活动┋私信交流,非常好,高端户外品牌┋价格较高┋产品设计时尚,一些,是,第三方电商平台（如天猫、京东）┋线下专卖店,(跳过),比较满意,内容丰富度┋创意和设计感┋发布频率,(跳过)
348,2025/4/2 14:35:20,129秒,微信,N/A,111.0.165.174(浙江-舟山),男,18岁以下,学生,3000元以下,1-3小时,非常了解,微信公众号┋小红书┋抖音/快手┋线下店铺,比较吸引,经常互动(点赞、评论、分享等),点赞┋评论┋分享到个人社交圈┋私信交流┋观看直播,比较好,高端户外品牌┋价格较高┋环保可持续┋广告／宣传设计时尚,很多,是,(跳过),价格过高┋品牌吸引力不足,非常满意,与用户互动性┋信息实用性,(跳过)
349,2025/4/2 14:35:53,180秒,微信,N/A,223.88.58.142(河南-郑州),男,18-25岁,学生,3000元以下,5小时以上,非常了解,小红书┋抖音/快手┋朋友推荐┋社交媒体广告(如朋友圈广告),比较吸引,偶尔互动,点赞┋评论┋参与话题活动┋观看直播,一般,高端户外品牌┋专业性强┋环保可持续┋广告／宣传设计时尚,一些,是,第三方电商平台（如天猫、京东）┋社交媒体平台链接／小程序,(跳过),一般,内容丰富度┋与用户互动性┋发布频率,(跳过)
350,2025/4/2 14:36:59,156秒,微信,N/A,221.234.228.219(湖北-武汉),男,36-45岁,企业职员,3000-8000元,5小时以上,非常了解,微信公众号┋小红书┋抖音/快手┋线下店铺,比较吸引,偶尔互动,点赞┋评论┋分享到个人社交圈┋私信交流┋观看直播,比较好,高端户外品牌┋价格较高┋产品设计时尚,一些,是,第三方电商平台（如天猫、京东）┋社交媒体平台链接／小程序,(跳过),一般,内容丰富度┋创意和设计感┋客户服务／售后服务,(跳过)
351,2025/4/2 14:38:54,137秒,微信,N/A,125.80.148.156(重庆-重庆),男,26-35岁,企业职员,8000-15000元,1-3小时,非常了解,微信公众号┋小红书┋抖音/快手┋朋友推荐┋社交媒体广告(如朋友圈广告),非常吸引,经常互动(点赞、评论、分享等),点赞┋评论┋参与话题活动┋私信交流,比较好,专业性强┋价格较高┋产品设计时尚,一些,是,官方电商平台┋第三方电商平台（如天猫、京东）,(跳过),非常满意,内容丰富度┋与用户互动性┋发布频率,(跳过)
352,2025/4/2 14:41:13,169秒,微信,N/A,112.12.159.129(浙江-温州),女,26-35岁,企业职员,3000-8000元,5小时以上,略有了解,微博┋抖音/快手┋朋友推荐┋线下店铺,比较吸引,偶尔互动,点赞┋评论┋分享到个人社交圈┋私信交流┋观看直播,非常好,专业性强┋环保可持续┋产品设计时尚,很多,是,(跳过),品牌吸引力不足┋购买流程不便捷,一般,内容丰富度┋与用户互动性┋发布频率,(跳过)
353,2025/4/2 14:42:11,99秒,微信,N/A,121.225.206.126(江苏-南京),男,18岁以下,学生,3000元以下,少于1小时,完全不了解,微信公众号┋小红书┋抖音/快手┋朋友推荐┋社交媒体广告(如朋友圈广告),不太吸引,偶尔互动,点赞┋评论┋分享到个人社交圈┋私信交流┋观看直播,较差,专业性强┋环保可持续┋产品设计时尚,较少,否,第三方电商平台（如天猫、京东）┋社交媒体平台链接／小程序,(跳过),非常不满意,内容丰富度┋与用户互动性┋发布频率,(跳过)
354,2025/4/2 14:44:22,102秒,微信,N/A,120.82.84.33(广东-茂名),男,18岁以下,学生,3000元以下,5小时以上,不太了解,微博┋抖音/快手┋朋友推荐┋社交媒体广告(如朋友圈广告),不太吸引,从未互动,点赞┋评论┋分享到个人社交圈┋私信交流┋观看直播,非常差,专业性强┋环保可持续┋广告／宣传设计时尚,一些,否,官方电商平台┋第三方电商平台（如天猫、京东）,(跳过),一般,与用户互动性┋信息实用性,(跳过)
355,2025/4/2 14:46:49,179秒,微信,N/A,42.48.151.5(湖南-株洲),男,36-45岁,企业职员,8000-15000元,3-5小时,略有了解,小红书┋抖音/快手┋朋友推荐┋社交媒体广告(如朋友圈广告),非常吸引,经常互动(点赞、评论、分享等),评论┋分享到个人社交圈┋参与话题活动┋观看直播,非常好,高端户外品牌┋价格较高┋环保可持续┋广告／宣传设计时尚,很多,是,(跳过),不需要相关产品┋购买流程不便捷,比较满意,内容丰富度┋创意和设计感┋发布频率,(跳过)
356,2025/4/2 14:48:26,160秒,微信,N/A,120.219.137.104(河南-许昌),男,18岁以下,学生,3000元以下,5小时以上,略有了解,微博┋小红书┋品牌宫网┋线下店铺,比较吸引,偶尔互动,点赞┋评论┋分享到个人社交圈┋私信交流┋观看直播,非常好,高端户外品牌┋价格较高┋产品设计时尚┋广告／宣传设计时尚,一般,是,第三方电商平台（如天猫、京东）,(跳过),比较满意,内容丰富度┋创意和设计感┋客户服务／售后服务,(跳过)
357,2025/4/2 14:50:31,183秒,微信,N/A,61.53.233.132(河南-商丘),女,18-25岁,学生,3000元以下,1-3小时,完全不了解,微博┋抖音/快手┋朋友推荐┋社交媒体广告(如朋友圈广告),完全不吸引,从未互动,点赞┋评论┋分享到个人社交圈┋私信交流┋观看直播,非常差,高端户外品牌┋价格较高┋环保可持续┋广告／宣传设计时尚,较少,否,第三方电商平台（如天猫、京东）┋朋友代购,(跳过),一般,内容丰富度┋与用户互动性┋发布频率,(跳过)
358,2025/4/2 14:52:58,162秒,微信,N/A,223.74.129.234(广东-惠州),女,18-25岁,企业职员,3000-8000元,3-5小时,非常了解,微信公众号┋小红书┋抖音/快手┋线下店铺,非常吸引,经常互动(点赞、评论、分享等),点赞┋评论┋分享到个人社交圈┋私信交流┋观看直播,比较好,专业性强┋环保可持续┋产品设计时尚,很多,是,(跳过),价格过高┋品牌吸引力不足,比较满意,内容丰富度┋创意和设计感┋发布频率,(跳过)
359,2025/4/2 14:53:49,179秒,微信,N/A,121.225.247.185(江苏-南京),女,26-35岁,企业职员,3000-8000元,3-5小时,略有了解,微博┋抖音/快手┋朋友推荐┋社交媒体广告(如朋友圈广告),比较吸引,经常互动(点赞、评论、分享等),评论┋分享到个人社交圈┋私信交流┋观看直播,比较好,专业性强┋环保可持续┋广告／宣传设计时尚,一些,是,官方电商平台┋第三方电商平台（如天猫、京东）,(跳过),比较满意,内容丰富度┋信息实用性┋客户服务／售后服务,(跳过)
360,2025/4/2 14:54:59,147秒,微信,N/A,112.84.40.67(江苏-徐州),女,36-45岁,其他,15000元以上,1-3小时,略有了解,微博┋小红书┋品牌宫网┋线下店铺,非常吸引,偶尔互动,评论┋分享到个人社交圈┋参与话题活动┋观看直播,非常好,高端户外品牌┋专业性强┋环保可持续┋广告／宣传设计时尚,一般,是,第三方电商平台（如天猫、京东）┋朋友代购,(跳过),比较满意,内容丰富度┋创意和设计感┋客户服务／售后服务,(跳过)
361,2025/4/2 14:55:32,154秒,微信,N/A,112.2.111.95(江苏-扬州),女,18-25岁,政府机关工作人员,3000-8000元,3-5小时,不太了解,微博┋抖音/快手┋朋友推荐┋社交媒体广告(如朋友圈广告),完全不吸引,从未互动,点赞┋评论┋参与话题活动┋私信交流,较差,高端户外品牌┋价格较高┋产品设计时尚,较少,否,第三方电商平台（如天猫、京东）┋朋友代购,(跳过),一般,内容丰富度┋创意和设计感┋客户服务／售后服务,(跳过)
362,2025/4/2 14:56:12,175秒,微信,N/A,58.247.180.96(上海-上海),男,18-25岁,企业职员,3000-8000元,3-5小时,不太了解,微博┋抖音/快手┋朋友推荐┋社交媒体广告(如朋友圈广告),不太吸引,很少互动,点赞┋评论┋分享到个人社交圈┋私信交流┋观看直播,一般,高端户外品牌┋价格较高┋产品设计时尚┋广告／宣传设计时尚,完全没有,否,第三方电商平台（如天猫、京东）┋朋友代购,(跳过),不太满意,内容丰富度┋信息实用性┋客户服务／售后服务,(跳过)
363,2025/4/2 14:57:43,175秒,微信,N/A,112.84.85.26(江苏-徐州),男,36-45岁,企业职员,3000-8000元,5小时以上,略有了解,小红书┋抖音/快手┋朋友推荐┋社交媒体广告(如朋友圈广告),非常吸引,经常互动(点赞、评论、分享等),点赞┋分享到个人社交圈┋参与话题活动┋观看直播,非常好,高端户外品牌┋专业性强┋环保可持续┋广告／宣传设计时尚,很多,是,第三方电商平台（如天猫、京东）┋社交媒体平台链接／小程序,(跳过),比较满意,内容丰富度┋创意和设计感┋发布频率,(跳过)
364,2025/4/2 14:58:32,158秒,微信,N/A,110.251.218.81(河北-廊坊),男,46岁及以上,企业职员,3000-8000元,1-3小时,略有了解,微博┋抖音/快手┋朋友推荐┋社交媒体广告(如朋友圈广告),非常吸引,经常互动(点赞、评论、分享等),点赞┋评论┋参与话题活动┋私信交流,非常好,高端户外品牌┋价格较高┋产品设计时尚┋广告／宣传设计时尚,一些,是,官方电商平台┋第三方电商平台（如天猫、京东）,(跳过),非常满意,内容丰富度┋创意和设计感┋客户服务／售后服务,(跳过)
365,2025/4/2 15:01:01,184秒,微信,N/A,113.223.26.224(湖南-益阳),女,18岁以下,学生,3000元以下,5小时以上,非常了解,微信公众号┋小红书┋抖音/快手┋线下店铺,比较吸引,经常互动(点赞、评论、分享等),点赞┋评论┋参与话题活动┋私信交流┋观看直播,非常好,高端户外品牌┋价格较高┋环保可持续┋广告／宣传设计时尚,很多,是,官方电商平台┋第三方电商平台（如天猫、京东）,(跳过),非常满意,内容丰富度┋创意和设计感┋客户服务／售后服务,(跳过)
366,2025/4/2 15:02:44,170秒,微信,N/A,120.43.35.86(福建-宁德),男,18-25岁,学生,3000元以下,5小时以上,非常了解,微博┋小红书┋品牌宫网┋线下店铺,非常吸引,偶尔互动,评论┋分享到个人社交圈┋参与话题活动┋观看直播,比较好,专业性强┋环保可持续┋广告／宣传设计时尚,一些,是,官方电商平台┋线下专卖店,(跳过),非常满意,与用户互动性┋信息实用性,(跳过)
367,2025/4/2 15:04:37,126秒,微信,N/A,112.0.81.42(江苏-镇江),男,18-25岁,企业职员,15000元以上,3-5小时,略有了解,微信公众号┋小红书┋抖音/快手┋线下店铺,比较吸引,经常互动(点赞、评论、分享等),点赞┋评论┋参与话题活动┋观看直播,非常好,专业性强┋环保可持续┋产品设计时尚,一些,是,(跳过),价格过高┋产品信息不够清楚,非常满意,与用户互动性┋信息实用性,(跳过)
368,2025/4/2 15:05:30,172秒,微信,N/A,36.159.138.198(安徽-阜阳),女,18岁以下,学生,3000元以下,3-5小时,非常了解,微博┋小红书┋品牌宫网┋线下店铺,非常吸引,经常互动(点赞、评论、分享等),评论┋分享到个人社交圈┋参与话题活动┋观看直播,非常好,高端户外品牌┋价格较高┋产品设计时尚,一般,是,第三方电商平台（如天猫、京东）┋社交媒体平台链接／小程序,(跳过),非常满意,内容丰富度┋与用户互动性┋发布频率,(跳过)
369,2025/4/2 15:06:59,121秒,微信,N/A,220.198.99.224(广东-东莞),女,26-35岁,政府机关工作人员,3000-8000元,1-3小时,略有了解,微信公众号┋小红书┋抖音/快手┋朋友推荐┋社交媒体广告(如朋友圈广告),一般,偶尔互动,点赞┋评论┋参与话题活动┋私信交流,非常好,专业性强┋环保可持续┋产品设计时尚,很多,是,第三方电商平台（如天猫、京东）,(跳过),比较满意,与用户互动性┋信息实用性,(跳过)
370,2025/4/2 15:08:27,129秒,微信,N/A,111.194.234.199(北京-北京),男,26-35岁,企业职员,3000-8000元,1-3小时,不太了解,微信公众号┋小红书┋品牌宫网┋线下店铺,完全不吸引,从未互动,点赞┋评论┋分享到个人社交圈┋私信交流┋观看直播,非常差,高端户外品牌┋价格较高┋环保可持续┋广告／宣传设计时尚,较少,否,第三方电商平台（如天猫、京东）┋朋友代购,(跳过),非常不满意,内容丰富度┋创意和设计感┋客户服务／售后服务,(跳过)
371,2025/4/2 15:09:40,180秒,微信,N/A,120.230.184.180(广东-江门),女,36-45岁,政府机关工作人员,3000-8000元,5小时以上,略有了解,微博┋抖音/快手┋朋友推荐┋社交媒体广告(如朋友圈广告),非常吸引,偶尔互动,点赞┋评论┋参与话题活动┋观看直播,比较好,专业性强┋环保可持续┋产品设计时尚,很多,是,第三方电商平台（如天猫、京东）┋社交媒体平台链接／小程序,(跳过),比较满意,内容丰富度┋与用户互动性┋发布频率,(跳过)
372,2025/4/2 15:10:47,160秒,微信,N/A,112.251.177.37(山东-临沂),女,36-45岁,企业职员,3000-8000元,1-3小时,不太了解,微博┋小红书┋品牌宫网┋线下店铺,完全不吸引,从未互动,点赞┋评论┋参与话题活动┋观看直播,非常差,专业性强┋环保可持续┋产品设计时尚,完全没有,否,第三方电商平台（如天猫、京东）,(跳过),一般,与用户互动性┋信息实用性,(跳过)
373,2025/4/2 15:12:52,146秒,微信,N/A,112.91.192.79(广东-清远),男,46岁及以上,企业职员,3000-8000元,3-5小时,非常了解,微博┋抖音/快手┋朋友推荐┋线下店铺,比较吸引,偶尔互动,点赞┋评论┋分享到个人社交圈┋私信交流┋观看直播,比较好,专业性强┋环保可持续┋广告／宣传设计时尚,很多,是,第三方电商平台（如天猫、京东）┋社交媒体平台链接／小程序,(跳过),比较满意,内容丰富度┋信息实用性┋客户服务／售后服务,(跳过)
374,2025/4/2 15:14:51,144秒,微信,N/A,120.239.243.24(广东-梅州),女,36-45岁,政府机关工作人员,3000-8000元,5小时以上,略有了解,微博┋抖音/快手┋朋友推荐┋线下店铺,一般,偶尔互动,点赞┋评论┋参与话题活动┋观看直播,比较好,专业性强┋环保可持续┋广告／宣传设计时尚,一些,是,第三方电商平台（如天猫、京东）┋社交媒体平台链接／小程序,(跳过),比较满意,与用户互动性┋信息实用性,(跳过)
375,2025/4/2 15:15:38,181秒,微信,N/A,220.189.158.95(浙江-台州),女,18岁以下,学生,3000元以下,3-5小时,非常了解,微博┋小红书┋品牌宫网┋线下店铺,比较吸引,偶尔互动,评论┋分享到个人社交圈┋参与话题活动┋观看直播,比较好,高端户外品牌┋价格较高┋环保可持续┋广告／宣传设计时尚,很多,是,官方电商平台┋第三方电商平台（如天猫、京东）,(跳过),非常满意,内容丰富度┋创意和设计感┋客户服务／售后服务,(跳过)
376,2025/4/2 15:16:25,121秒,微信,N/A,1.83.2.19(陕西-西安),女,26-35岁,政府机关工作人员,3000-8000元,少于1小时,不太了解,微博┋小红书┋品牌宫网┋线下店铺,完全不吸引,很少互动,评论┋分享到个人社交圈┋参与话题活动┋观看直播,非常差,高端户外品牌┋价格较高┋环保可持续┋广告／宣传设计时尚,较少,否,(跳过),价格过高┋产品信息不够清楚,不太满意,内容丰富度┋信息实用性┋客户服务／售后服务,(跳过)
377,2025/4/2 15:17:08,165秒,微信,N/A,223.89.129.252(河南-驻马店),女,26-35岁,企业职员,3000-8000元,少于1小时,非常了解,微信公众号┋小红书┋抖音/快手┋朋友推荐┋社交媒体广告(如朋友圈广告),非常吸引,经常互动(点赞、评论、分享等),点赞┋评论┋参与话题活动┋私信交流,一般,高端户外品牌┋价格较高┋产品设计时尚,一些,是,(跳过),不需要相关产品┋购买流程不便捷,非常满意,内容丰富度┋与用户互动性┋发布频率,(跳过)
378,2025/4/2 15:19:38,177秒,微信,N/A,183.217.209.222(江西-赣州),女,36-45岁,企业职员,3000-8000元,1-3小时,完全不了解,微博┋抖音/快手┋朋友推荐┋社交媒体广告(如朋友圈广告),不太吸引,从未互动,点赞┋分享到个人社交圈┋参与话题活动┋观看直播,一般,高端户外品牌┋价格较高┋产品设计时尚,较少,否,第三方电商平台（如天猫、京东）┋朋友代购,(跳过),非常不满意,内容丰富度┋创意和设计感┋发布频率,(跳过)
379,2025/4/2 15:21:03,162秒,微信,N/A,223.74.113.216(广东-东莞),女,26-35岁,自由职业者,3000-8000元,3-5小时,略有了解,微信公众号┋小红书┋抖音/快手┋朋友推荐┋社交媒体广告(如朋友圈广告),比较吸引,经常互动(点赞、评论、分享等),点赞┋评论┋参与话题活动┋私信交流,比较好,高端户外品牌┋价格较高┋产品设计时尚,一些,是,官方电商平台┋线下专卖店,(跳过),非常满意,内容丰富度┋与用户互动性┋发布频率,(跳过)
380,2025/4/2 15:23:09,137秒,微信,N/A,183.93.162.75(湖北-襄阳),男,36-45岁,企业职员,3000-8000元,3-5小时,非常了解,微博┋抖音/快手┋朋友推荐┋线下店铺,非常吸引,经常互动(点赞、评论、分享等),点赞┋评论┋分享到个人社交圈┋私信交流┋观看直播,非常好,高端户外品牌┋价格较高┋产品设计时尚,一些,是,第三方电商平台（如天猫、京东）┋线下专卖店,(跳过),非常满意,内容丰富度┋创意和设计感┋客户服务／售后服务,(跳过)
381,2025/4/2 15:24:36,123秒,微信,N/A,175.150.243.80(辽宁-本溪),女,18-25岁,企业职员,3000-8000元,少于1小时,非常了解,微博┋抖音/快手┋朋友推荐┋线下店铺,非常吸引,经常互动(点赞、评论、分享等),点赞┋评论┋分享到个人社交圈┋私信交流┋观看直播,比较好,专业性强┋环保可持续┋广告／宣传设计时尚,很多,是,第三方电商平台（如天猫、京东）┋社交媒体平台链接／小程序,(跳过),比较满意,内容丰富度┋与用户互动性┋发布频率,(跳过)
382,2025/4/2 15:26:56,175秒,微信,N/A,39.187.107.104(浙江-宁波),男,26-35岁,其他,3000-8000元,3-5小时,非常了解,微信公众号┋小红书┋抖音/快手┋线下店铺,比较吸引,偶尔互动,评论┋分享到个人社交圈┋私信交流┋观看直播,非常好,专业性强┋环保可持续┋广告／宣传设计时尚,很多,是,官方电商平台┋线下专卖店,(跳过),非常满意,内容丰富度┋创意和设计感┋客户服务／售后服务,(跳过)
383,2025/4/2 15:28:37,117秒,微信,N/A,223.74.197.104(广东-惠州),男,46岁及以上,企业职员,3000-8000元,1-3小时,略有了解,微博┋抖音/快手┋朋友推荐┋社交媒体广告(如朋友圈广告),一般,偶尔互动,点赞┋评论┋参与话题活动┋观看直播,一般,专业性强┋价格较高┋产品设计时尚,一般,否,第三方电商平台（如天猫、京东）┋社交媒体平台链接／小程序,(跳过),比较满意,内容丰富度┋创意和设计感┋客户服务／售后服务,(跳过)
384,2025/4/2 15:31:00,177秒,微信,N/A,1.85.33.86(陕西-西安),女,26-35岁,企业职员,15000元以上,少于1小时,不太了解,微博┋小红书┋品牌宫网┋线下店铺,不太吸引,很少互动,点赞┋评论┋参与话题活动┋私信交流,比较好,高端户外品牌┋价格较高┋环保可持续┋广告／宣传设计时尚,较少,否,官方电商平台┋线下专卖店,(跳过),非常不满意,内容丰富度┋创意和设计感┋客户服务／售后服务,(跳过)
385,2025/4/2 15:32:09,100秒,微信,N/A,180.110.114.237(江苏-南京),男,18岁以下,学生,3000元以下,3-5小时,非常了解,微博┋抖音/快手┋朋友推荐┋线下店铺,非常吸引,经常互动(点赞、评论、分享等),点赞┋评论┋参与话题活动┋私信交流,非常好,高端户外品牌┋价格较高┋产品设计时尚,很多,是,(跳过),品牌吸引力不足┋购买流程不便捷,比较满意,与用户互动性┋信息实用性,(跳过)
386,2025/4/2 15:33:33,183秒,微信,N/A,120.235.84.90(广东-佛山),男,36-45岁,企业职员,3000-8000元,3-5小时,不太了解,微信公众号┋小红书┋抖音/快手┋朋友推荐┋社交媒体广告(如朋友圈广告),一般,很少互动,点赞┋评论┋参与话题活动┋私信交流,较差,专业性强┋环保可持续┋广告／宣传设计时尚,较少,否,(跳过),价格过高┋产品信息不够清楚,非常不满意,与用户互动性┋信息实用性,(跳过)
387,2025/4/2 15:35:46,127秒,微信,N/A,119.251.17.121(河北-廊坊),女,26-35岁,政府机关工作人员,3000-8000元,5小时以上,略有了解,微博┋抖音/快手┋朋友推荐┋线下店铺,非常吸引,偶尔互动,点赞┋分享到个人社交圈┋参与话题活动┋观看直播,比较好,专业性强┋环保可持续┋广告／宣传设计时尚,很多,是,第三方电商平台（如天猫、京东）┋朋友代购,(跳过),比较满意,内容丰富度┋与用户互动性┋发布频率,(跳过)
388,2025/4/2 15:37:22,118秒,微信,N/A,120.235.88.59(广东-佛山),女,36-45岁,政府机关工作人员,3000-8000元,3-5小时,完全不了解,微信公众号┋小红书┋抖音/快手┋线下店铺,比较吸引,很少互动,点赞┋评论┋参与话题活动┋私信交流┋观看直播,比较好,专业性强┋环保可持续┋产品设计时尚,一般,否,官方电商平台┋线下专卖店,(跳过),不太满意,内容丰富度┋信息实用性┋客户服务／售后服务,(跳过)
389,2025/4/2 15:38:50,129秒,微信,N/A,120.231.188.169(广东-江门),男,18-25岁,其他,3000-8000元,1-3小时,非常了解,小红书┋抖音/快手┋朋友推荐┋社交媒体广告(如朋友圈广告),比较吸引,经常互动(点赞、评论、分享等),点赞┋评论┋参与话题活动┋私信交流,比较好,高端户外品牌┋价格较高┋产品设计时尚,一些,是,第三方电商平台（如天猫、京东）┋社交媒体平台链接／小程序,(跳过),非常满意,与用户互动性┋信息实用性,(跳过)
390,2025/4/2 15:39:59,182秒,微信,N/A,36.62.235.205(安徽-滁州),男,46岁及以上,企业职员,8000-15000元,少于1小时,非常了解,微信公众号┋小红书┋抖音/快手┋线下店铺,非常吸引,经常互动(点赞、评论、分享等),点赞┋分享到个人社交圈┋参与话题活动┋观看直播,非常好,高端户外品牌┋价格较高┋产品设计时尚,一些,是,第三方电商平台（如天猫、京东）┋社交媒体平台链接／小程序,(跳过),非常满意,内容丰富度┋创意和设计感┋客户服务／售后服务,(跳过)
391,2025/4/2 15:42:30,146秒,微信,N/A,183.162.104.105(安徽-六安),男,18岁以下,学生,3000元以下,3-5小时,完全不了解,微博┋抖音/快手┋朋友推荐┋线下店铺,完全不吸引,从未互动,点赞┋评论┋分享到个人社交圈┋私信交流┋观看直播,一般,专业性强┋环保可持续┋广告／宣传设计时尚,较少,否,第三方电商平台（如天猫、京东）┋社交媒体平台链接／小程序,(跳过),非常不满意,内容丰富度┋信息实用性┋客户服务／售后服务,(跳过)
392,2025/4/2 15:43:25,127秒,微信,N/A,27.151.84.155(福建-福州),男,46岁及以上,自由职业者,8000-15000元,1-3小时,略有了解,微博┋小红书┋品牌宫网┋线下店铺,非常吸引,偶尔互动,点赞┋评论┋参与话题活动┋私信交流,比较好,专业性强┋环保可持续┋广告／宣传设计时尚,很多,是,官方电商平台┋线下专卖店,(跳过),非常满意,内容丰富度┋与用户互动性┋发布频率,(跳过)
393,2025/4/2 15:45:44,144秒,微信,N/A,211.142.88.1(山西-临汾),男,46岁及以上,企业职员,3000-8000元,3-5小时,略有了解,微博┋抖音/快手┋朋友推荐┋社交媒体广告(如朋友圈广告),比较吸引,经常互动(点赞、评论、分享等),评论┋分享到个人社交圈┋参与话题活动┋观看直播,比较好,专业性强┋环保可持续┋广告／宣传设计时尚,一些,是,第三方电商平台（如天猫、京东）┋线下专卖店,(跳过),比较满意,与用户互动性┋信息实用性,(跳过)
394,2025/4/2 15:48:10,163秒,微信,N/A,58.19.75.29(湖北-武汉),女,26-35岁,企业职员,3000-8000元,3-5小时,略有了解,小红书┋抖音/快手┋朋友推荐┋社交媒体广告(如朋友圈广告),一般,偶尔互动,点赞┋评论┋参与话题活动┋私信交流,一般,高端户外品牌┋价格较高┋产品设计时尚,一些,是,官方电商平台┋线下专卖店,(跳过),比较满意,内容丰富度┋创意和设计感┋发布频率,(跳过)
395,2025/4/2 15:48:48,111秒,微信,N/A,153.35.112.146(江苏-无锡),女,36-45岁,政府机关工作人员,3000-8000元,1-3小时,非常了解,微博┋小红书┋品牌宫网┋线下店铺,比较吸引,经常互动(点赞、评论、分享等),点赞┋评论┋分享到个人社交圈┋私信交流┋观看直播,非常好,专业性强┋环保可持续┋广告／宣传设计时尚,很多,是,第三方电商平台（如天猫、京东）┋朋友代购,(跳过),一般,内容丰富度┋信息实用性┋客户服务／售后服务,(跳过)
396,2025/4/2 15:49:21,108秒,微信,N/A,101.71.200.162(浙江-杭州),女,18岁以下,学生,3000元以下,3-5小时,完全不了解,微博┋小红书┋品牌宫网┋线下店铺,比较吸引,很少互动,点赞┋评论┋参与话题活动┋私信交流,较差,高端户外品牌┋价格较高┋产品设计时尚,完全没有,否,官方电商平台┋第三方电商平台（如天猫、京东）,(跳过),非常不满意,与用户互动性┋信息实用性,(跳过)
397,2025/4/2 15:50:15,161秒,微信,N/A,118.183.72.4(甘肃-定西),男,26-35岁,企业职员,3000-8000元,1-3小时,非常了解,小红书┋抖音/快手┋朋友推荐┋社交媒体广告(如朋友圈广告),非常吸引,经常互动(点赞、评论、分享等),点赞┋评论┋分享到个人社交圈┋私信交流┋观看直播,比较好,高端户外品牌┋专业性强┋环保可持续┋广告／宣传设计时尚,很多,是,(跳过),价格过高┋产品信息不够清楚,比较满意,内容丰富度┋创意和设计感┋发布频率,(跳过)
398,2025/4/2 15:52:02,140秒,微信,N/A,42.80.77.93(天津-天津),男,26-35岁,政府机关工作人员,3000-8000元,5小时以上,略有了解,线下店铺,一般,从未互动,私信交流,一般,高端户外品牌,较少,否,(跳过),价格过高,比较满意,与用户互动性┋创意和设计感,(空)
399,2025/4/2 15:52:43,97秒,微信,N/A,112.248.99.65(山东-枣庄),男,36-45岁,企业职员,3000-8000元,5小时以上,不太了解,微信公众号┋小红书┋抖音/快手┋朋友推荐┋社交媒体广告(如朋友圈广告),不太吸引,从未互动,点赞┋评论┋参与话题活动┋私信交流,较差,高端户外品牌┋价格较高┋环保可持续┋广告／宣传设计时尚,完全没有,否,官方电商平台┋线下专卖店,(跳过),不太满意,内容丰富度┋创意和设计感┋客户服务／售后服务,(跳过)
400,2025/4/2 15:55:07,152秒,微信,N/A,123.244.155.175(辽宁-盘锦),男,26-35岁,企业职员,3000-8000元,1-3小时,非常了解,微信公众号┋小红书┋抖音/快手┋线下店铺,比较吸引,经常互动(点赞、评论、分享等),点赞┋评论┋分享到个人社交圈┋私信交流┋观看直播,非常好,高端户外品牌┋价格较高┋产品设计时尚┋广告／宣传设计时尚,很多,是,官方电商平台┋线下专卖店,(跳过),一般,与用户互动性┋信息实用性,(跳过)
401,2025/4/2 15:57:05,157秒,微信,N/A,120.81.189.193(广东-梅州),女,18岁以下,学生,3000元以下,少于1小时,略有了解,微博┋抖音/快手┋朋友推荐┋社交媒体广告(如朋友圈广告),比较吸引,偶尔互动,点赞┋评论┋参与话题活动┋私信交流,非常好,专业性强┋环保可持续┋产品设计时尚,很多,是,官方电商平台┋第三方电商平台（如天猫、京东）,(跳过),一般,与用户互动性┋信息实用性,(跳过)
402,2025/4/2 15:58:41,152秒,微信,N/A,180.113.146.32(江苏-无锡),男,18-25岁,企业职员,3000-8000元,3-5小时,非常了解,微博┋抖音/快手┋朋友推荐┋社交媒体广告(如朋友圈广告),比较吸引,偶尔互动,点赞┋分享到个人社交圈┋参与话题活动┋观看直播,非常好,专业性强┋环保可持续┋产品设计时尚,很多,是,官方电商平台┋线下专卖店,(跳过),一般,与用户互动性┋信息实用性,(跳过)
403,2025/4/2 15:59:24,167秒,微信,N/A,183.197.96.100(河北-石家庄),男,18岁以下,学生,3000元以下,1-3小时,完全不了解,微博┋抖音/快手┋朋友推荐┋线下店铺,比较吸引,很少互动,点赞┋评论┋分享到个人社交圈┋私信交流┋观看直播,一般,高端户外品牌┋价格较高┋产品设计时尚,完全没有,否,官方电商平台┋线下专卖店,(跳过),非常不满意,内容丰富度┋与用户互动性┋发布频率,(跳过)
404,2025/4/2 16:00:28,166秒,微信,N/A,111.199.243.242(北京-北京),男,18-25岁,其他,3000-8000元,1-3小时,不太了解,微信公众号┋小红书┋抖音/快手┋线下店铺,完全不吸引,很少互动,点赞┋分享到个人社交圈┋参与话题活动┋观看直播,比较好,高端户外品牌┋专业性强┋环保可持续┋广告／宣传设计时尚,一般,否,官方电商平台┋线下专卖店,(跳过),不太满意,内容丰富度┋信息实用性┋客户服务／售后服务,(跳过)
405,2025/4/2 16:02:21,93秒,微信,N/A,221.206.140.43(黑龙江-牡丹江),男,18岁以下,学生,3000元以下,少于1小时,非常了解,小红书┋抖音/快手┋朋友推荐┋社交媒体广告(如朋友圈广告),一般,经常互动(点赞、评论、分享等),点赞┋评论┋参与话题活动┋私信交流,比较好,高端户外品牌┋价格较高┋产品设计时尚,一些,是,(跳过),不需要相关产品┋购买流程不便捷,非常满意,内容丰富度┋创意和设计感┋客户服务／售后服务,(跳过)
406,2025/4/2 16:03:59,127秒,微信,N/A,39.188.106.183(浙江-宁波),女,46岁及以上,企业职员,15000元以上,1-3小时,非常了解,微信公众号┋小红书┋抖音/快手┋线下店铺,非常吸引,经常互动(点赞、评论、分享等),点赞┋评论┋参与话题活动┋私信交流,非常好,专业性强┋环保可持续┋广告／宣传设计时尚,很多,是,官方电商平台┋线下专卖店,(跳过),非常满意,内容丰富度┋与用户互动性┋发布频率,(跳过)
407,2025/4/2 16:06:10,107秒,微信,N/A,113.214.211.221(浙江-绍兴),女,26-35岁,企业职员,3000-8000元,3-5小时,非常了解,微信公众号┋小红书┋抖音/快手┋线下店铺,非常吸引,经常互动(点赞、评论、分享等),点赞┋评论┋参与话题活动┋私信交流,比较好,高端户外品牌┋价格较高┋产品设计时尚,很多,是,(跳过),品牌吸引力不足┋购买流程不便捷,非常满意,与用户互动性┋信息实用性,(跳过)
408,2025/4/2 16:07:21,157秒,微信,N/A,125.123.222.84(浙江-嘉兴),女,26-35岁,企业职员,3000-8000元,3-5小时,非常了解,微博┋抖音/快手┋朋友推荐┋社交媒体广告(如朋友圈广告),一般,偶尔互动,点赞┋评论┋分享到个人社交圈┋私信交流┋观看直播,比较好,高端户外品牌┋价格较高┋环保可持续┋广告／宣传设计时尚,很多,是,第三方电商平台（如天猫、京东）┋社交媒体平台链接／小程序,(跳过),比较满意,与用户互动性┋信息实用性,(跳过)
409,2025/4/2 16:08:52,104秒,微信,N/A,114.240.234.176(北京-北京),男,26-35岁,企业职员,3000-8000元,1-3小时,略有了解,微博┋抖音/快手┋朋友推荐┋社交媒体广告(如朋友圈广告),比较吸引,经常互动(点赞、评论、分享等),点赞┋评论┋参与话题活动┋观看直播,一般,高端户外品牌┋专业性强┋环保可持续┋广告／宣传设计时尚,一般,是,(跳过),价格过高┋产品信息不够清楚,比较满意,内容丰富度┋与用户互动性┋发布频率,(跳过)
410,2025/4/2 16:11:00,179秒,微信,N/A,183.212.180.188(江苏-南京),男,26-35岁,自由职业者,3000-8000元,1-3小时,非常了解,微信公众号┋小红书┋品牌宫网┋线下店铺,比较吸引,经常互动(点赞、评论、分享等),点赞┋评论┋参与话题活动┋私信交流,比较好,专业性强┋环保可持续┋产品设计时尚,很多,是,第三方电商平台（如天猫、京东）┋线下专卖店,(跳过),比较满意,内容丰富度┋创意和设计感┋客户服务／售后服务,(跳过)
411,2025/4/2 16:12:14,137秒,微信,N/A,1.189.108.77(黑龙江-哈尔滨),男,18岁以下,学生,3000元以下,5小时以上,略有了解,小红书┋抖音/快手┋朋友推荐┋社交媒体广告(如朋友圈广告),非常吸引,经常互动(点赞、评论、分享等),点赞┋评论┋参与话题活动┋私信交流,非常好,高端户外品牌┋价格较高┋产品设计时尚,很多,是,第三方电商平台（如天猫、京东）┋朋友代购,(跳过),比较满意,与用户互动性┋信息实用性,(跳过)
412,2025/4/2 16:14:10,153秒,微信,N/A,114.107.222.144(安徽-亳州),男,18-25岁,企业职员,15000元以上,3-5小时,略有了解,微博┋小红书┋品牌宫网┋线下店铺,非常吸引,经常互动(点赞、评论、分享等),点赞┋评论┋参与话题活动┋私信交流,比较好,专业性强┋环保可持续┋广告／宣传设计时尚,一些,是,官方电商平台┋线下专卖店,(跳过),非常满意,内容丰富度┋信息实用性┋客户服务／售后服务,(跳过)
413,2025/4/2 16:16:05,180秒,微信,N/A,36.148.113.209(湖南-张家界),女,18岁以下,学生,3000元以下,5小时以上,非常了解,微信公众号┋小红书┋抖音/快手┋线下店铺,比较吸引,偶尔互动,点赞┋分享到个人社交圈┋参与话题活动┋观看直播,比较好,专业性强┋环保可持续┋广告／宣传设计时尚,一些,是,第三方电商平台（如天猫、京东）┋朋友代购,(跳过),比较满意,内容丰富度┋信息实用性┋客户服务／售后服务,(跳过)
414,2025/4/2 16:18:23,151秒,微信,N/A,111.60.78.38(湖北-武汉),男,18岁以下,学生,3000元以下,3-5小时,完全不了解,微博┋小红书┋品牌宫网┋线下店铺,完全不吸引,偶尔互动,点赞┋评论┋分享到个人社交圈┋私信交流┋观看直播,比较好,专业性强┋环保可持续┋产品设计时尚,一般,否,(跳过),价格过高┋产品信息不够清楚,不太满意,与用户互动性┋信息实用性,(跳过)
415,2025/4/2 16:19:52,105秒,微信,N/A,112.1.120.79(江苏-常州),男,18-25岁,企业职员,3000-8000元,少于1小时,非常了解,微博┋小红书┋品牌宫网┋线下店铺,比较吸引,偶尔互动,点赞┋分享到个人社交圈┋参与话题活动┋观看直播,非常好,专业性强┋环保可持续┋广告／宣传设计时尚,一些,是,官方电商平台┋第三方电商平台（如天猫、京东）,(跳过),比较满意,内容丰富度┋与用户互动性┋发布频率,(跳过)
416,2025/4/2 16:21:56,103秒,微信,N/A,221.231.252.109(江苏-南京),女,26-35岁,其他,15000元以上,3-5小时,非常了解,微博┋抖音/快手┋朋友推荐┋线下店铺,比较吸引,偶尔互动,点赞┋评论┋分享到个人社交圈┋私信交流┋观看直播,一般,高端户外品牌┋价格较高┋产品设计时尚,很多,是,(跳过),价格过高┋品牌吸引力不足,非常满意,与用户互动性┋信息实用性,(跳过)
417,2025/4/2 16:23:31,158秒,微信,N/A,221.0.80.4(山东-烟台),男,36-45岁,企业职员,15000元以上,少于1小时,不太了解,微信公众号┋小红书┋品牌宫网┋线下店铺,不太吸引,从未互动,点赞┋分享到个人社交圈┋参与话题活动┋观看直播,一般,专业性强┋环保可持续┋产品设计时尚,完全没有,否,(跳过),价格过高┋产品信息不够清楚,非常不满意,与用户互动性┋信息实用性,(跳过)
418,2025/4/2 16:25:41,157秒,微信,N/A,144.255.110.30(山东-临沂),男,36-45岁,企业职员,3000-8000元,5小时以上,非常了解,微信公众号┋小红书┋品牌宫网┋线下店铺,一般,偶尔互动,点赞┋评论┋参与话题活动┋观看直播,比较好,高端户外品牌┋价格较高┋产品设计时尚┋广告／宣传设计时尚,一些,是,第三方电商平台（如天猫、京东）┋社交媒体平台链接／小程序,(跳过),比较满意,与用户互动性┋信息实用性,(跳过)
419,2025/4/2 16:28:11,142秒,微信,N/A,120.229.112.239(广东-东莞),女,26-35岁,企业职员,3000-8000元,5小时以上,非常了解,微博┋小红书┋品牌宫网┋线下店铺,非常吸引,偶尔互动,点赞┋评论┋参与话题活动┋私信交流,非常好,专业性强┋环保可持续┋产品设计时尚,很多,是,(跳过),价格过高┋产品信息不够清楚,非常满意,内容丰富度┋创意和设计感┋发布频率,(跳过)
420,2025/4/2 16:29:18,113秒,微信,N/A,125.95.50.255(广东-佛山),女,18-25岁,学生,3000元以下,1-3小时,完全不了解,微博┋小红书┋品牌宫网┋线下店铺,一般,从未互动,点赞┋评论┋参与话题活动┋私信交流,较差,专业性强┋环保可持续┋广告／宣传设计时尚,一般,否,第三方电商平台（如天猫、京东）┋朋友代购,(跳过),非常不满意,内容丰富度┋创意和设计感┋客户服务／售后服务,(跳过)
421,2025/4/2 16:31:02,123秒,微信,N/A,171.35.86.8(江西-赣州),男,26-35岁,其他,3000-8000元,1-3小时,不太了解,微信公众号┋小红书┋抖音/快手┋线下店铺,不太吸引,从未互动,点赞┋评论┋参与话题活动┋私信交流,非常差,高端户外品牌┋价格较高┋产品设计时尚,完全没有,否,(跳过),不需要相关产品┋购买流程不便捷,一般,与用户互动性┋信息实用性,(跳过)
422,2025/4/2 16:32:29,175秒,微信,N/A,58.217.2.40(江苏-镇江),女,18-25岁,自由职业者,3000-8000元,1-3小时,非常了解,微博┋小红书┋品牌宫网┋线下店铺,非常吸引,经常互动(点赞、评论、分享等),点赞┋评论┋分享到个人社交圈┋私信交流┋观看直播,比较好,专业性强┋价格较高┋产品设计时尚,很多,是,(跳过),价格过高┋产品信息不够清楚,比较满意,与用户互动性┋信息实用性,(跳过)
423,2025/4/2 16:33:51,173秒,微信,N/A,1.61.14.226(黑龙江-绥化),女,18岁以下,学生,3000元以下,1-3小时,略有了解,微信公众号┋小红书┋品牌宫网┋线下店铺,比较吸引,经常互动(点赞、评论、分享等),点赞┋评论┋参与话题活动┋私信交流,比较好,专业性强┋环保可持续┋广告／宣传设计时尚,很多,是,(跳过),品牌吸引力不足┋购买流程不便捷,非常满意,内容丰富度┋与用户互动性┋发布频率,(跳过)
424,2025/4/2 16:35:36,149秒,微信,N/A,27.206.67.84(山东-菏泽),女,46岁及以上,政府机关工作人员,3000-8000元,少于1小时,非常了解,微博┋小红书┋品牌宫网┋线下店铺,非常吸引,经常互动(点赞、评论、分享等),点赞┋评论┋分享到个人社交圈┋私信交流┋观看直播,比较好,专业性强┋环保可持续┋广告／宣传设计时尚,一些,是,第三方电商平台（如天猫、京东）┋社交媒体平台链接／小程序,(跳过),比较满意,与用户互动性┋信息实用性,(跳过)
425,2025/4/2 16:37:45,184秒,微信,N/A,114.250.178.108(北京-北京),男,36-45岁,自由职业者,3000-8000元,3-5小时,不太了解,微博┋小红书┋品牌宫网┋线下店铺,完全不吸引,从未互动,点赞┋评论┋分享到个人社交圈┋私信交流┋观看直播,较差,高端户外品牌┋价格较高┋产品设计时尚,完全没有,否,第三方电商平台（如天猫、京东）┋线下专卖店,(跳过),不太满意,内容丰富度┋与用户互动性┋发布频率,(跳过)
426,2025/4/2 16:39:55,145秒,微信,N/A,39.188.127.184(浙江-宁波),男,18岁以下,学生,3000元以下,3-5小时,非常了解,小红书┋抖音/快手┋朋友推荐┋社交媒体广告(如朋友圈广告),非常吸引,经常互动(点赞、评论、分享等),点赞┋评论┋分享到个人社交圈┋私信交流┋观看直播,非常好,高端户外品牌┋价格较高┋产品设计时尚,一些,是,官方电商平台┋第三方电商平台（如天猫、京东）,(跳过),比较满意,内容丰富度┋信息实用性┋客户服务／售后服务,(跳过)
427,2025/4/2 16:41:52,183秒,微信,N/A,114.231.146.203(江苏-南通),男,18岁以下,学生,3000元以下,3-5小时,不太了解,微信公众号┋小红书┋品牌宫网┋线下店铺,一般,偶尔互动,点赞┋分享到个人社交圈┋参与话题活动┋观看直播,一般,高端户外品牌┋价格较高┋产品设计时尚,一般,否,(跳过),不需要相关产品┋购买流程不便捷,不太满意,内容丰富度┋与用户互动性┋发布频率,(跳过)
428,2025/4/2 16:42:30,142秒,微信,N/A,39.130.120.86(云南-昆明),男,26-35岁,企业职员,15000元以上,3-5小时,略有了解,微博┋小红书┋品牌宫网┋线下店铺,一般,经常互动(点赞、评论、分享等),点赞┋评论┋分享到个人社交圈┋私信交流┋观看直播,比较好,专业性强┋环保可持续┋产品设计时尚,很多,是,官方电商平台┋第三方电商平台（如天猫、京东）,(跳过),非常满意,与用户互动性┋信息实用性,(跳过)
429,2025/4/2 16:43:24,102秒,微信,N/A,112.111.159.204(福建-龙岩),女,18岁以下,学生,3000元以下,少于1小时,略有了解,小红书┋抖音/快手┋朋友推荐┋社交媒体广告(如朋友圈广告),非常吸引,经常互动(点赞、评论、分享等),点赞┋评论┋参与话题活动┋私信交流,非常好,高端户外品牌┋专业性强┋环保可持续┋广告／宣传设计时尚,一般,是,(跳过),品牌吸引力不足,非常满意,与用户互动性┋信息实用性,(跳过)
430,2025/4/2 16:44:23,124秒,微信,N/A,120.37.220.119(福建-莆田),女,46岁及以上,其他,3000-8000元,3-5小时,略有了解,微信公众号┋小红书┋抖音/快手┋线下店铺,非常吸引,经常互动(点赞、评论、分享等),点赞┋评论┋分享到个人社交圈┋私信交流┋观看直播,一般,专业性强┋环保可持续┋产品设计时尚,很多,是,官方电商平台┋线下专卖店,(跳过),比较满意,内容丰富度┋创意和设计感┋客户服务／售后服务,(跳过)
431,2025/4/2 16:46:08,156秒,微信,N/A,119.4.10.13(四川-成都),女,46岁及以上,其他,15000元以上,5小时以上,略有了解,微博┋抖音/快手┋朋友推荐┋社交媒体广告(如朋友圈广告),非常吸引,经常互动(点赞、评论、分享等),评论┋分享到个人社交圈┋参与话题活动┋观看直播,比较好,高端户外品牌┋价格较高┋产品设计时尚,很多,是,(跳过),价格过高┋品牌吸引力不足,比较满意,内容丰富度┋与用户互动性┋发布频率,(跳过)
432,2025/4/2 16:47:40,128秒,微信,N/A,112.0.71.194(江苏-镇江),女,36-45岁,政府机关工作人员,3000-8000元,1-3小时,略有了解,微博┋抖音/快手┋朋友推荐┋社交媒体广告(如朋友圈广告),比较吸引,经常互动(点赞、评论、分享等),点赞┋评论┋参与话题活动┋观看直播,非常好,高端户外品牌┋价格较高┋产品设计时尚,很多,是,(跳过),品牌吸引力不足┋购买流程不便捷,非常满意,与用户互动性┋信息实用性,(跳过)
433,2025/4/2 16:48:48,98秒,微信,N/A,171.106.192.13(广西-贵港),女,18-25岁,企业职员,3000-8000元,5小时以上,完全不了解,微博┋抖音/快手┋朋友推荐┋线下店铺,不太吸引,很少互动,点赞┋分享到个人社交圈┋参与话题活动┋观看直播,一般,高端户外品牌┋价格较高┋产品设计时尚┋广告／宣传设计时尚,完全没有,否,第三方电商平台（如天猫、京东）,(跳过),一般,内容丰富度┋信息实用性┋客户服务／售后服务,(跳过)
434,2025/4/2 16:50:28,123秒,微信,N/A,119.120.195.114(广东-潮州),男,26-35岁,自由职业者,3000-8000元,1-3小时,不太了解,小红书┋抖音/快手┋朋友推荐┋社交媒体广告(如朋友圈广告),完全不吸引,很少互动,点赞┋评论┋分享到个人社交圈┋私信交流┋观看直播,较差,高端户外品牌┋价格较高┋环保可持续┋广告／宣传设计时尚,较少,否,(跳过),价格过高┋产品信息不够清楚,非常不满意,内容丰富度┋创意和设计感┋发布频率,(跳过)
435,2025/4/2 16:52:55,158秒,微信,N/A,120.229.143.182(广东-东莞),女,26-35岁,企业职员,3000-8000元,5小时以上,略有了解,微博┋小红书┋品牌宫网┋线下店铺,非常吸引,偶尔互动,点赞┋评论┋分享到个人社交圈┋私信交流┋观看直播,比较好,高端户外品牌┋专业性强┋环保可持续┋广告／宣传设计时尚,一些,是,(跳过),价格过高┋产品信息不够清楚,非常满意,内容丰富度┋与用户互动性┋发布频率,(跳过)
436,2025/4/2 16:55:22,168秒,微信,N/A,111.18.63.198(陕西-渭南),女,26-35岁,企业职员,3000-8000元,1-3小时,完全不了解,微博┋抖音/快手┋朋友推荐┋线下店铺,比较吸引,从未互动,评论┋分享到个人社交圈┋私信交流┋观看直播,非常差,专业性强┋环保可持续┋产品设计时尚,较少,否,第三方电商平台（如天猫、京东）┋社交媒体平台链接／小程序,(跳过),非常不满意,与用户互动性┋信息实用性,(跳过)
437,2025/4/2 16:56:51,123秒,微信,N/A,113.16.24.71(广西-玉林),男,26-35岁,企业职员,3000-8000元,5小时以上,略有了解,微信公众号┋小红书┋抖音/快手┋线下店铺,比较吸引,偶尔互动,点赞┋评论┋分享到个人社交圈┋私信交流┋观看直播,比较好,高端户外品牌┋价格较高┋产品设计时尚┋广告／宣传设计时尚,一般,是,第三方电商平台（如天猫、京东）┋社交媒体平台链接／小程序,(跳过),非常满意,内容丰富度┋创意和设计感┋发布频率,(跳过)
438,2025/4/2 16:59:15,169秒,微信,N/A,183.228.142.71(重庆-重庆),男,46岁及以上,企业职员,8000-15000元,5小时以上,完全不了解,微博┋小红书┋品牌宫网┋线下店铺,一般,从未互动,点赞┋评论┋分享到个人社交圈┋私信交流┋观看直播,较差,高端户外品牌┋价格较高┋产品设计时尚┋广告／宣传设计时尚,完全没有,否,(跳过),品牌吸引力不足┋购买流程不便捷,一般,内容丰富度┋创意和设计感┋发布频率,(跳过)
439,2025/4/2 17:00:10,117秒,微信,N/A,171.35.188.24(江西-吉安),女,26-35岁,企业职员,3000-8000元,5小时以上,完全不了解,小红书┋抖音/快手┋朋友推荐┋社交媒体广告(如朋友圈广告),比较吸引,偶尔互动,点赞┋评论┋参与话题活动┋私信交流,较差,专业性强┋环保可持续┋产品设计时尚,完全没有,否,第三方电商平台（如天猫、京东）┋朋友代购,(跳过),非常不满意,内容丰富度┋创意和设计感┋发布频率,(跳过)
440,2025/4/2 17:02:41,121秒,微信,N/A,182.107.82.14(江西-吉安),女,18-25岁,政府机关工作人员,3000-8000元,1-3小时,略有了解,微信公众号┋小红书┋抖音/快手┋线下店铺,非常吸引,偶尔互动,评论┋分享到个人社交圈┋参与话题活动┋观看直播,比较好,专业性强┋环保可持续┋广告／宣传设计时尚,一些,是,官方电商平台┋线下专卖店,(跳过),非常满意,与用户互动性┋信息实用性,(跳过)
441,2025/4/2 17:03:14,169秒,微信,N/A,182.34.58.8(山东-烟台),男,46岁及以上,企业职员,3000-8000元,1-3小时,略有了解,微博┋抖音/快手┋朋友推荐┋社交媒体广告(如朋友圈广告),非常吸引,偶尔互动,点赞┋评论┋参与话题活动┋观看直播,非常好,高端户外品牌┋专业性强┋环保可持续┋广告／宣传设计时尚,一般,是,第三方电商平台（如天猫、京东）┋社交媒体平台链接／小程序,(跳过),比较满意,内容丰富度┋与用户互动性┋发布频率,(跳过)
442,2025/4/2 17:04:49,156秒,微信,N/A,114.232.198.155(江苏-南通),男,46岁及以上,政府机关工作人员,3000-8000元,1-3小时,非常了解,微博┋小红书┋品牌宫网┋线下店铺,非常吸引,经常互动(点赞、评论、分享等),评论┋分享到个人社交圈┋参与话题活动┋观看直播,比较好,专业性强┋价格较高┋产品设计时尚,一般,是,(跳过),价格过高┋产品信息不够清楚,非常满意,内容丰富度┋创意和设计感┋发布频率,(跳过)
443,2025/4/2 17:06:51,170秒,微信,N/A,118.248.141.14(湖南-长沙),女,26-35岁,其他,3000-8000元,1-3小时,完全不了解,微博┋抖音/快手┋朋友推荐┋线下店铺,一般,从未互动,点赞┋评论┋分享到个人社交圈┋私信交流┋观看直播,非常差,高端户外品牌┋价格较高┋环保可持续┋广告／宣传设计时尚,完全没有,否,(跳过),价格过高┋产品信息不够清楚,非常不满意,内容丰富度┋创意和设计感┋客户服务／售后服务,(跳过)
444,2025/4/2 17:08:08,160秒,微信,N/A,117.135.20.223(上海-上海),男,46岁及以上,政府机关工作人员,3000-8000元,5小时以上,不太了解,小红书┋抖音/快手┋朋友推荐┋社交媒体广告(如朋友圈广告),完全不吸引,从未互动,评论┋分享到个人社交圈┋参与话题活动┋观看直播,一般,专业性强┋环保可持续┋广告／宣传设计时尚,一般,否,第三方电商平台（如天猫、京东）,(跳过),一般,内容丰富度┋创意和设计感┋客户服务／售后服务,(跳过)
445,2025/4/2 17:09:34,95秒,微信,N/A,219.155.221.222(河南-信阳),女,36-45岁,政府机关工作人员,3000-8000元,5小时以上,略有了解,小红书┋抖音/快手┋朋友推荐┋社交媒体广告(如朋友圈广告),非常吸引,很少互动,点赞┋评论┋参与话题活动┋观看直播,比较好,专业性强┋环保可持续┋产品设计时尚,一些,是,官方电商平台┋第三方电商平台（如天猫、京东）,(跳过),比较满意,内容丰富度┋与用户互动性┋发布频率,(跳过)
446,2025/4/2 17:10:12,164秒,微信,N/A,122.237.151.248(浙江-绍兴),男,18岁以下,学生,3000元以下,5小时以上,非常了解,微博┋抖音/快手┋朋友推荐┋社交媒体广告(如朋友圈广告),非常吸引,偶尔互动,点赞┋评论┋参与话题活动┋私信交流,非常好,专业性强┋环保可持续┋产品设计时尚,一些,是,官方电商平台┋线下专卖店,(跳过),非常满意,内容丰富度┋创意和设计感┋发布频率,(跳过)
447,2025/4/2 17:11:06,114秒,微信,N/A,183.218.201.203(江西-南昌),女,36-45岁,企业职员,3000-8000元,3-5小时,非常了解,微博┋小红书┋品牌宫网┋线下店铺,比较吸引,经常互动(点赞、评论、分享等),评论┋分享到个人社交圈┋参与话题活动┋观看直播,非常好,高端户外品牌┋价格较高┋产品设计时尚,很多,是,第三方电商平台（如天猫、京东）┋社交媒体平台链接／小程序,(跳过),比较满意,内容丰富度┋创意和设计感┋发布频率,(跳过)
448,2025/4/2 17:12:42,183秒,微信,N/A,117.189.17.110(贵州-贵阳),女,18岁以下,学生,3000元以下,3-5小时,完全不了解,微信公众号┋小红书┋抖音/快手┋线下店铺,不太吸引,从未互动,点赞┋评论┋参与话题活动┋私信交流,非常差,高端户外品牌┋专业性强┋环保可持续┋广告／宣传设计时尚,一些,否,第三方电商平台（如天猫、京东）┋社交媒体平台链接／小程序,(跳过),非常不满意,内容丰富度┋与用户互动性┋发布频率,(跳过)
449,2025/4/2 17:14:39,159秒,微信,N/A,221.206.85.179(黑龙江-牡丹江),男,46岁及以上,自由职业者,3000-8000元,1-3小时,略有了解,微博┋抖音/快手┋朋友推荐┋社交媒体广告(如朋友圈广告),比较吸引,经常互动(点赞、评论、分享等),点赞┋评论┋参与话题活动┋私信交流,一般,专业性强┋环保可持续┋产品设计时尚,很多,是,(跳过),价格过高┋品牌吸引力不足,比较满意,内容丰富度┋创意和设计感┋发布频率,(跳过)
450,2025/4/2 17:16:45,117秒,微信,N/A,121.236.118.201(江苏-苏州),男,26-35岁,企业职员,3000-8000元,3-5小时,非常了解,小红书┋抖音/快手┋朋友推荐┋社交媒体广告(如朋友圈广告),比较吸引,经常互动(点赞、评论、分享等),评论┋分享到个人社交圈┋参与话题活动┋观看直播,非常好,高端户外品牌┋价格较高┋产品设计时尚,一些,是,(跳过),不需要相关产品┋购买流程不便捷,比较满意,内容丰富度┋创意和设计感┋发布频率,(跳过)
451,2025/4/2 17:19:08,168秒,微信,N/A,120.244.160.151(北京-北京),男,26-35岁,企业职员,3000-8000元,3-5小时,非常了解,微信公众号┋小红书┋品牌宫网┋线下店铺,非常吸引,偶尔互动,点赞┋评论┋参与话题活动┋私信交流,非常好,高端户外品牌┋价格较高┋产品设计时尚┋广告／宣传设计时尚,一些,是,(跳过),价格过高┋产品信息不够清楚,非常满意,内容丰富度┋与用户互动性┋发布频率,(跳过)
452,2025/4/2 17:20:24,135秒,微信,N/A,223.242.181.113(安徽-阜阳),女,18-25岁,学生,3000元以下,少于1小时,略有了解,小红书┋抖音/快手┋朋友推荐┋社交媒体广告(如朋友圈广告),比较吸引,经常互动(点赞、评论、分享等),点赞┋分享到个人社交圈┋参与话题活动┋观看直播,比较好,高端户外品牌┋价格较高┋产品设计时尚┋广告／宣传设计时尚,一般,是,(跳过),价格过高┋产品信息不够清楚,比较满意,与用户互动性┋信息实用性,(跳过)
453,2025/4/2 17:22:33,165秒,微信,N/A,117.189.195.253(贵州-安顺),男,18-25岁,企业职员,8000-15000元,3-5小时,略有了解,微信公众号┋小红书┋品牌宫网┋线下店铺,一般,经常互动(点赞、评论、分享等),点赞┋评论┋参与话题活动┋观看直播,比较好,高端户外品牌┋专业性强┋环保可持续┋广告／宣传设计时尚,一些,是,第三方电商平台（如天猫、京东）┋社交媒体平台链接／小程序,(跳过),比较满意,内容丰富度┋创意和设计感┋发布频率,(跳过)
454,2025/4/2 17:24:22,160秒,微信,N/A,111.53.207.120(山西-太原),男,18-25岁,企业职员,8000-15000元,5小时以上,略有了解,微博┋小红书┋品牌宫网┋线下店铺,比较吸引,偶尔互动,点赞┋评论┋参与话题活动┋观看直播,比较好,专业性强┋环保可持续┋广告／宣传设计时尚,一些,是,官方电商平台┋第三方电商平台（如天猫、京东）,(跳过),非常满意,内容丰富度┋创意和设计感┋发布频率,(跳过)
455,2025/4/2 17:25:12,153秒,微信,N/A,1.62.165.217(黑龙江-哈尔滨),女,18-25岁,学生,3000元以下,1-3小时,略有了解,微博┋抖音/快手┋朋友推荐┋社交媒体广告(如朋友圈广告),非常吸引,经常互动(点赞、评论、分享等),点赞┋分享到个人社交圈┋参与话题活动┋观看直播,非常好,专业性强┋环保可持续┋产品设计时尚,很多,是,第三方电商平台（如天猫、京东）┋社交媒体平台链接／小程序,(跳过),非常满意,与用户互动性┋信息实用性,(跳过)
456,2025/4/2 17:25:50,112秒,微信,N/A,58.56.50.118(山东-济南),女,26-35岁,自由职业者,3000-8000元,少于1小时,非常了解,微博┋抖音/快手┋朋友推荐┋线下店铺,非常吸引,经常互动(点赞、评论、分享等),点赞┋分享到个人社交圈┋参与话题活动┋观看直播,比较好,高端户外品牌┋价格较高┋环保可持续┋广告／宣传设计时尚,很多,是,(跳过),不需要相关产品┋购买流程不便捷,比较满意,与用户互动性┋信息实用性,(跳过)
457,2025/4/2 17:27:25,170秒,微信,N/A,120.239.163.234(广东-肇庆),男,26-35岁,企业职员,3000-8000元,1-3小时,完全不了解,微信公众号┋小红书┋品牌宫网┋线下店铺,不太吸引,很少互动,点赞┋分享到个人社交圈┋参与话题活动┋观看直播,非常差,高端户外品牌┋价格较高┋产品设计时尚┋广告／宣传设计时尚,完全没有,否,官方电商平台┋第三方电商平台（如天猫、京东）,(跳过),不太满意,与用户互动性┋信息实用性,(跳过)
458,2025/4/2 17:28:43,175秒,微信,N/A,117.143.46.246(上海-上海),女,36-45岁,企业职员,8000-15000元,3-5小时,非常了解,微博┋抖音/快手┋朋友推荐┋社交媒体广告(如朋友圈广告),比较吸引,偶尔互动,点赞┋分享到个人社交圈┋参与话题活动┋观看直播,非常好,专业性强┋环保可持续┋产品设计时尚,一些,是,第三方电商平台（如天猫、京东）┋线下专卖店,(跳过),比较满意,内容丰富度┋创意和设计感┋发布频率,(跳过)
459,2025/4/2 17:31:02,104秒,微信,N/A,115.223.170.39(浙江-温州),男,46岁及以上,政府机关工作人员,3000-8000元,少于1小时,略有了解,微信公众号┋小红书┋抖音/快手┋线下店铺,比较吸引,偶尔互动,点赞┋评论┋分享到个人社交圈┋私信交流┋观看直播,比较好,高端户外品牌┋价格较高┋产品设计时尚,很多,是,第三方电商平台（如天猫、京东）┋社交媒体平台链接／小程序,(跳过),一般,内容丰富度┋创意和设计感┋发布频率,(跳过)
460,2025/4/2 17:33:32,180秒,微信,N/A,123.129.126.154(山东-东营),男,46岁及以上,企业职员,3000-8000元,3-5小时,非常了解,微博┋小红书┋品牌宫网┋线下店铺,一般,偶尔互动,点赞┋评论┋分享到个人社交圈┋私信交流┋观看直播,一般,高端户外品牌┋价格较高┋产品设计时尚,很多,是,官方电商平台┋线下专卖店,(跳过),比较满意,与用户互动性┋信息实用性,(跳过)
461,2025/4/2 21:01:20,82秒,微信,N/A,223.102.101.11(辽宁-鞍山),男,36-45岁,政府机关工作人员,3000-8000元,少于1小时,非常了解,小红书┋抖音/快手┋品牌宫网┋线下店铺,一般,偶尔互动,其他：,一般,其他：,一些,是,官方电商平台┋线下专卖店,(跳过),比较满意,创意和设计感┋信息实用性,(空)
462,2025/4/3 7:18:26,185秒,微信,N/A,123.186.28.19(辽宁-鞍山),女,46岁及以上,政府机关工作人员,3000-8000元,1-3小时,略有了解,抖音/快手┋品牌宫网┋朋友推荐┋线下店铺┋社交媒体广告(如朋友圈广告),一般,很少互动,观看直播,比较好,高端户外品牌,一些,是,官方电商平台┋第三方电商平台（如天猫、京东）┋社交媒体平台链接／小程序,(跳过),比较满意,创意和设计感┋信息实用性┋发布频率,(空)
463,2025/4/12 9:56:17,75秒,微信,N/A,42.80.113.41(天津-天津),男,36-45岁,企业职员,15000元以上,1-3小时,不太了解,品牌宫网┋朋友推荐,一般,从未互动,点赞,一般,高端户外品牌┋价格较高,完全没有,否,(跳过),价格过高┋不需要相关产品,一般,与用户互动性┋创意和设计感,(空)